id,fornecedor_id,marca_id,nome_lente,nome_comercial,tipo_lente,material,indice_refracao,categoria,tratamento_antirreflexo,tratamento_antirrisco,tratamento_uv,tratamento_blue_light,tratamento_fotossensiveis,ar,blue,uv400,antirrisco,polarizado,esferico_min,esferico_max,cilindrico_min,cilindrico_max,adicao_min,adicao_max,preco_custo,custo_base,preco_tabela,status,ativo,disponivel,prazo_entrega
5722c1e3-a012-4b0f-8b3a-8b270a8e253c,852e5fb8-8eae-4805-a5cb-a5a1e8638f5c,852e5fb8-8eae-4805-a5cb-a5a1e8638f5c,HOYA NULUX Miolight (neg) / Hiperlight (pos) 1.67 BlueControl,NULUX Miolight (neg) / Hiperlight (pos),visao_simples,HIGH_INDEX,1.67,premium,True,True,True,True,nenhum,True,True,True,True,False,-10.0,6.0,-3.0,0.0,0.0,0.0,1320.0,1320.0,3960.0,ativo,True,True,10
827a7545-33ee-4b14-9482-62594c35c6ab,852e5fb8-8eae-4805-a5cb-a5a1e8638f5c,852e5fb8-8eae-4805-a5cb-a5a1e8638f5c,HOYA NULUX Miolight (neg) / Hiperlight (pos) 1.67 LongLife UV,NULUX Miolight (neg) / Hiperlight (pos),visao_simples,HIGH_INDEX,1.67,premium,True,True,True,False,nenhum,True,False,True,True,False,-10.0,6.0,-2.0,0.0,0.0,0.0,1350.0,1350.0,4050.0,ativo,True,True,10
f48c9d02-d9f3-4a82-b785-945ea3a18a43,852e5fb8-8eae-4805-a5cb-a5a1e8638f5c,852e5fb8-8eae-4805-a5cb-a5a1e8638f5c,HOYA NULUX Miolight (neg) / Hiperlight (pos) 1.61 LongLife UV,NULUX Miolight (neg) / Hiperlight (pos),visao_simples,HIGH_INDEX,1.61,premium,True,True,True,False,nenhum,True,False,True,True,False,-10.0,6.0,-2.0,0.0,0.0,0.0,1050.0,1050.0,3150.0,ativo,True,True,10
b416150d-c7b5-45dc-bef8-e86dfa93d6be,852e5fb8-8eae-4805-a5cb-a5a1e8638f5c,852e5fb8-8eae-4805-a5cb-a5a1e8638f5c,HOYA NULUX Miolight (neg) / Hiperlight (pos) 1.74 LongLife,NULUX Miolight (neg) / Hiperlight (pos),visao_simples,HIGH_INDEX,1.74,premium,True,True,True,False,nenhum,True,False,True,True,False,-12.0,-2.0,-2.0,0.0,0.0,0.0,1870.0,1870.0,5610.0,ativo,True,True,10
37a73eaf-48cd-420a-a32e-9664f015f4e1,852e5fb8-8eae-4805-a5cb-a5a1e8638f5c,852e5fb8-8eae-4805-a5cb-a5a1e8638f5c,HOYA NULUX Miolight (neg) / Hiperlight (pos) 1.61 No-Risk BlueControl,NULUX Miolight (neg) / Hiperlight (pos),visao_simples,HIGH_INDEX,1.61,premium,True,True,True,True,nenhum,True,True,True,True,False,-10.0,6.0,-3.0,0.0,0.0,0.0,1149.0,1149.0,3447.0,ativo,True,True,10
a1df9822-488d-4baa-9d2c-84a4113acab4,852e5fb8-8eae-4805-a5cb-a5a1e8638f5c,852e5fb8-8eae-4805-a5cb-a5a1e8638f5c,HOYA NULUX Miolight (neg) / Hiperlight (pos) 1.61 No-Risk,NULUX Miolight (neg) / Hiperlight (pos),visao_simples,HIGH_INDEX,1.61,premium,False,False,True,False,nenhum,False,False,True,False,False,-6.0,6.0,-2.0,0.0,0.0,0.0,862.0,862.0,2586.0,ativo,True,True,10
172d67fe-62f1-4324-a181-a5c196b4247e,852e5fb8-8eae-4805-a5cb-a5a1e8638f5c,852e5fb8-8eae-4805-a5cb-a5a1e8638f5c,HOYA NULUX Miolight (neg) / Hiperlight (pos) 1.50 Hard,NULUX Miolight (neg) / Hiperlight (pos),visao_simples,TRIVEX,1.50,premium,True,True,False,False,nenhum,True,False,False,True,False,-6.0,6.0,-2.0,0.0,0.0,0.0,590.0,590.0,1770.0,ativo,True,True,10
eb11bcc8-2689-4660-a6ee-cf6b62fc7765,852e5fb8-8eae-4805-a5cb-a5a1e8638f5c,852e5fb8-8eae-4805-a5cb-a5a1e8638f5c,HOYA NULUX Miolight (neg) / Hiperlight (pos) 1.67 BlueControl,NULUX Miolight (neg) / Hiperlight (pos),visao_simples,HIGH_INDEX,1.67,premium,True,True,True,True,nenhum,True,True,True,True,False,-8.0,6.0,-2.0,0.0,0.0,0.0,1840.0,1840.0,5520.0,ativo,True,True,10
daf79a46-cee0-43ec-b910-81bc93476fe6,852e5fb8-8eae-4805-a5cb-a5a1e8638f5c,852e5fb8-8eae-4805-a5cb-a5a1e8638f5c,HOYA HILUX VS Premium 1.50 BlueControl,HILUX VS Premium,visao_simples,TRIVEX,1.50,premium,True,True,True,True,nenhum,True,True,True,True,False,-4.0,4.0,-2.0,0.0,0.0,0.0,910.0,910.0,2730.0,ativo,True,True,10
c34aa21c-95f8-4944-b28f-5930943ce3f3,852e5fb8-8eae-4805-a5cb-a5a1e8638f5c,852e5fb8-8eae-4805-a5cb-a5a1e8638f5c,HOYA HILUX VS Premium 1.50 BlueControl,HILUX VS Premium,visao_simples,CR39,1.50,premium,True,True,True,True,nenhum,True,True,True,True,False,-4.0,4.0,-2.0,0.0,0.0,0.0,755.0,755.0,2265.0,ativo,True,True,10
20b2e26a-220f-498d-87a1-8301b23637f5,852e5fb8-8eae-4805-a5cb-a5a1e8638f5c,852e5fb8-8eae-4805-a5cb-a5a1e8638f5c,HOYA HILUX VS Premium 1.50 BlueControl,HILUX VS Premium,visao_simples,TRIVEX,1.50,premium,True,True,True,True,nenhum,True,True,True,True,False,-4.0,4.0,-2.0,0.0,0.0,0.0,1590.0,1590.0,4770.0,ativo,True,True,10
e0c18a70-9411-4a72-8888-655a40cf915e,852e5fb8-8eae-4805-a5cb-a5a1e8638f5c,852e5fb8-8eae-4805-a5cb-a5a1e8638f5c,HOYA HILUX VS Premium 1.50 BlueControl,HILUX VS Premium,visao_simples,CR39,1.50,premium,True,True,True,True,nenhum,True,True,True,True,False,-4.0,4.0,-2.0,0.0,0.0,0.0,1015.0,1015.0,3045.0,ativo,True,True,10
0cd35054-939b-49b6-92bb-2d9fb482573a,852e5fb8-8eae-4805-a5cb-a5a1e8638f5c,852e5fb8-8eae-4805-a5cb-a5a1e8638f5c,HOYA WORKSTYLE V+ Workstyle V+ 1.74 BlueControl,WORKSTYLE V+ Workstyle V+,ocupacional,HIGH_INDEX,1.74,premium,True,True,True,True,nenhum,True,True,True,True,False,-15.0,9.0,-6.0,0.0,1.0,3.5,7115.0,7115.0,21345.0,ativo,True,True,10
f59259c6-b512-4097-ab6f-2704b4c51842,852e5fb8-8eae-4805-a5cb-a5a1e8638f5c,852e5fb8-8eae-4805-a5cb-a5a1e8638f5c,HOYA WORKSTYLE V+ Workstyle V+ 1.67 BlueControl,WORKSTYLE V+ Workstyle V+,ocupacional,HIGH_INDEX,1.67,premium,True,True,True,True,nenhum,True,True,True,True,False,-15.0,9.0,-6.0,0.0,1.0,3.5,5603.0,5603.0,16809.0,ativo,True,True,10
560a35ac-a645-43ce-8e89-2b015f52e9c6,852e5fb8-8eae-4805-a5cb-a5a1e8638f5c,852e5fb8-8eae-4805-a5cb-a5a1e8638f5c,HOYA WORKSTYLE V+ Workstyle V+ 1.61 BlueControl,WORKSTYLE V+ Workstyle V+,ocupacional,HIGH_INDEX,1.61,premium,True,True,True,True,nenhum,True,True,True,True,False,-15.0,9.0,-6.0,0.0,1.0,3.5,3821.0,3821.0,11463.0,ativo,True,True,10
d8794422-1995-4623-a4c7-233a446b0c03,852e5fb8-8eae-4805-a5cb-a5a1e8638f5c,852e5fb8-8eae-4805-a5cb-a5a1e8638f5c,HOYA WORKSTYLE V+ Workstyle V+ 1.50 BlueControl,WORKSTYLE V+ Workstyle V+,ocupacional,TRIVEX,1.50,premium,True,True,True,True,nenhum,True,True,True,True,False,-15.0,9.0,-6.0,0.0,1.0,3.5,3335.0,3335.0,10005.0,ativo,True,True,10
c6c70044-8970-4a66-ac41-715c6ebef649,852e5fb8-8eae-4805-a5cb-a5a1e8638f5c,852e5fb8-8eae-4805-a5cb-a5a1e8638f5c,HOYA WORKSTYLE V+ Workstyle V+ 1.50 BlueControl,WORKSTYLE V+ Workstyle V+,ocupacional,CR39,1.50,premium,True,True,True,True,nenhum,True,True,True,True,False,-15.0,9.0,-6.0,0.0,1.0,3.5,3011.0,3011.0,9033.0,ativo,True,True,10
e160a113-e49c-47b5-ae23-c9c1676020ef,852e5fb8-8eae-4805-a5cb-a5a1e8638f5c,852e5fb8-8eae-4805-a5cb-a5a1e8638f5c,HOYA WORKSTYLE V+ Workstyle V+ 1.74 LongLife,WORKSTYLE V+ Workstyle V+,ocupacional,HIGH_INDEX,1.74,premium,True,True,True,False,nenhum,True,False,True,True,False,-15.0,9.0,-6.0,0.0,1.0,3.5,7115.0,7115.0,21345.0,ativo,True,True,10
92b69551-9c01-415c-a5e1-3723427692c5,852e5fb8-8eae-4805-a5cb-a5a1e8638f5c,852e5fb8-8eae-4805-a5cb-a5a1e8638f5c,HOYA WORKSTYLE V+ Workstyle V+ 1.67 LongLife,WORKSTYLE V+ Workstyle V+,ocupacional,HIGH_INDEX,1.67,premium,True,True,True,False,nenhum,True,False,True,True,False,-15.0,9.0,-6.0,0.0,1.0,3.5,5603.0,5603.0,16809.0,ativo,True,True,10
28bd91f8-5210-4b83-a394-2d36f0321742,852e5fb8-8eae-4805-a5cb-a5a1e8638f5c,852e5fb8-8eae-4805-a5cb-a5a1e8638f5c,HOYA WORKSTYLE V+ Workstyle V+ 1.61 LongLife,WORKSTYLE V+ Workstyle V+,ocupacional,HIGH_INDEX,1.61,premium,True,True,True,False,nenhum,True,False,True,True,False,-15.0,9.0,-6.0,0.0,1.0,3.5,3821.0,3821.0,11463.0,ativo,True,True,10
9c24b9ab-dd32-4e7b-bc8e-1e1b8d07b18d,852e5fb8-8eae-4805-a5cb-a5a1e8638f5c,852e5fb8-8eae-4805-a5cb-a5a1e8638f5c,HOYA WORKSTYLE V+ Workstyle V+ 1.50 LongLife,WORKSTYLE V+ Workstyle V+,ocupacional,TRIVEX,1.50,premium,True,True,False,False,nenhum,True,False,False,True,False,-15.0,9.0,-6.0,0.0,1.0,3.5,3335.0,3335.0,10005.0,ativo,True,True,10
51c8c966-d094-430e-b67c-df6ade0a91f3,852e5fb8-8eae-4805-a5cb-a5a1e8638f5c,852e5fb8-8eae-4805-a5cb-a5a1e8638f5c,HOYA WORKSTYLE V+ Workstyle V+ 1.50 LongLife,WORKSTYLE V+ Workstyle V+,ocupacional,CR39,1.50,premium,True,True,False,False,nenhum,True,False,False,True,False,-15.0,9.0,-6.0,0.0,1.0,3.5,3011.0,3011.0,9033.0,ativo,True,True,10
cf210bd2-c5af-436f-a0a6-671f2de24f3b,852e5fb8-8eae-4805-a5cb-a5a1e8638f5c,852e5fb8-8eae-4805-a5cb-a5a1e8638f5c,HOYA WORKSTYLE V+ Workstyle V+ 1.74 No-Risk BlueControl,WORKSTYLE V+ Workstyle V+,ocupacional,HIGH_INDEX,1.74,premium,True,True,True,True,nenhum,True,True,True,True,False,-15.0,9.0,-6.0,0.0,1.0,3.5,6845.0,6845.0,20535.0,ativo,True,True,10
06fafb0f-efbc-4574-bb5f-0662024fe127,852e5fb8-8eae-4805-a5cb-a5a1e8638f5c,852e5fb8-8eae-4805-a5cb-a5a1e8638f5c,HOYA WORKSTYLE V+ Workstyle V+ 1.67 No-Risk BlueControl,WORKSTYLE V+ Workstyle V+,ocupacional,HIGH_INDEX,1.67,premium,True,True,True,True,nenhum,True,True,True,True,False,-15.0,9.0,-6.0,0.0,1.0,3.5,5333.0,5333.0,15999.0,ativo,True,True,10
8b4ed408-b1f6-45a4-b00e-6af8212c77e1,852e5fb8-8eae-4805-a5cb-a5a1e8638f5c,852e5fb8-8eae-4805-a5cb-a5a1e8638f5c,HOYA WORKSTYLE V+ Workstyle V+ 1.61 No-Risk BlueControl,WORKSTYLE V+ Workstyle V+,ocupacional,HIGH_INDEX,1.61,premium,True,True,True,True,nenhum,True,True,True,True,False,-15.0,9.0,-6.0,0.0,1.0,3.5,3551.0,3551.0,10653.0,ativo,True,True,10
e82151a8-a7e5-40fd-a84f-d4403d6aa254,852e5fb8-8eae-4805-a5cb-a5a1e8638f5c,852e5fb8-8eae-4805-a5cb-a5a1e8638f5c,HOYA WORKSTYLE V+ Workstyle V+ 1.50 No-Risk BlueControl,WORKSTYLE V+ Workstyle V+,ocupacional,TRIVEX,1.50,premium,True,True,True,True,nenhum,True,True,True,True,False,-15.0,9.0,-6.0,0.0,1.0,3.5,3065.0,3065.0,9195.0,ativo,True,True,10
19fc98e7-eb2d-4613-ae83-cdc5bc866163,852e5fb8-8eae-4805-a5cb-a5a1e8638f5c,852e5fb8-8eae-4805-a5cb-a5a1e8638f5c,HOYA WORKSTYLE V+ Workstyle V+ 1.50 No-Risk BlueControl,WORKSTYLE V+ Workstyle V+,ocupacional,CR39,1.50,premium,True,True,True,True,nenhum,True,True,True,True,False,-15.0,9.0,-6.0,0.0,1.0,3.5,2741.0,2741.0,8223.0,ativo,True,True,10
803dc889-811f-4424-b33d-9c0a61fd1c28,852e5fb8-8eae-4805-a5cb-a5a1e8638f5c,852e5fb8-8eae-4805-a5cb-a5a1e8638f5c,HOYA WORKSTYLE V+ Workstyle V+ 1.74 No-Risk,WORKSTYLE V+ Workstyle V+,ocupacional,HIGH_INDEX,1.74,premium,False,False,True,False,nenhum,False,False,True,False,False,-15.0,9.0,-6.0,0.0,1.0,3.5,6845.0,6845.0,20535.0,ativo,True,True,10
0ba2c464-3c73-4c50-89df-9d8e33a3519a,852e5fb8-8eae-4805-a5cb-a5a1e8638f5c,852e5fb8-8eae-4805-a5cb-a5a1e8638f5c,HOYA WORKSTYLE V+ Workstyle V+ 1.67 No-Risk,WORKSTYLE V+ Workstyle V+,ocupacional,HIGH_INDEX,1.67,premium,False,False,True,False,nenhum,False,False,True,False,False,-15.0,9.0,-6.0,0.0,1.0,3.5,5333.0,5333.0,15999.0,ativo,True,True,10
030888e7-a3a6-4140-a882-a9293cccdb7e,852e5fb8-8eae-4805-a5cb-a5a1e8638f5c,852e5fb8-8eae-4805-a5cb-a5a1e8638f5c,HOYA WORKSTYLE V+ Workstyle V+ 1.61 No-Risk,WORKSTYLE V+ Workstyle V+,ocupacional,HIGH_INDEX,1.61,premium,False,False,True,False,nenhum,False,False,True,False,False,-15.0,9.0,-6.0,0.0,1.0,3.5,3551.0,3551.0,10653.0,ativo,True,True,10
029dce2f-e930-43ac-8749-459a384f1456,852e5fb8-8eae-4805-a5cb-a5a1e8638f5c,852e5fb8-8eae-4805-a5cb-a5a1e8638f5c,HOYA WORKSTYLE V+ Workstyle V+ 1.50 No-Risk,WORKSTYLE V+ Workstyle V+,ocupacional,TRIVEX,1.50,premium,False,False,False,False,nenhum,False,False,False,False,False,-15.0,9.0,-6.0,0.0,1.0,3.5,3065.0,3065.0,9195.0,ativo,True,True,10
50ef3285-ecca-410a-bafa-c96bfb35951f,852e5fb8-8eae-4805-a5cb-a5a1e8638f5c,852e5fb8-8eae-4805-a5cb-a5a1e8638f5c,HOYA WORKSTYLE V+ Workstyle V+ 1.50 No-Risk,WORKSTYLE V+ Workstyle V+,ocupacional,CR39,1.50,premium,False,False,False,False,nenhum,False,False,False,False,False,-15.0,9.0,-6.0,0.0,1.0,3.5,2741.0,2741.0,8223.0,ativo,True,True,10
1c8ba666-8966-4838-b2b0-45a5d59ec6d4,852e5fb8-8eae-4805-a5cb-a5a1e8638f5c,852e5fb8-8eae-4805-a5cb-a5a1e8638f5c,HOYA DESKTOP Premium Desktop Premium 1.50 BlueControl,DESKTOP Premium Desktop Premium,ocupacional,TRIVEX,1.50,premium,True,True,True,True,nenhum,True,True,True,True,False,-8.0,6.0,-4.0,0.0,1.0,3.5,2117.0,2117.0,6351.0,ativo,True,True,10
c9878aa1-9f87-4a96-b2e5-a302935c7986,852e5fb8-8eae-4805-a5cb-a5a1e8638f5c,852e5fb8-8eae-4805-a5cb-a5a1e8638f5c,HOYA DESKTOP Premium Desktop Premium 1.50 BlueControl,DESKTOP Premium Desktop Premium,ocupacional,CR39,1.50,premium,True,True,True,True,nenhum,True,True,True,True,False,-8.0,6.0,-4.0,0.0,1.0,3.5,1793.0,1793.0,5379.0,ativo,True,True,10
9bd1b5fe-bec6-4d55-9822-a5127f0d6334,852e5fb8-8eae-4805-a5cb-a5a1e8638f5c,852e5fb8-8eae-4805-a5cb-a5a1e8638f5c,HOYA DESKTOP Premium Desktop Premium 1.50 LongLife,DESKTOP Premium Desktop Premium,ocupacional,TRIVEX,1.50,premium,True,True,False,False,nenhum,True,False,False,True,False,-8.0,6.0,-4.0,0.0,1.0,3.5,2117.0,2117.0,6351.0,ativo,True,True,10
032bae22-8ca0-4496-9ee9-193839dde785,852e5fb8-8eae-4805-a5cb-a5a1e8638f5c,852e5fb8-8eae-4805-a5cb-a5a1e8638f5c,HOYA DESKTOP Premium Desktop Premium 1.50 LongLife,DESKTOP Premium Desktop Premium,ocupacional,CR39,1.50,premium,True,True,False,False,nenhum,True,False,False,True,False,-8.0,6.0,-4.0,0.0,1.0,3.5,1793.0,1793.0,5379.0,ativo,True,True,10
f96b1ba0-95fc-4c1e-834f-2a9efbff19b9,852e5fb8-8eae-4805-a5cb-a5a1e8638f5c,852e5fb8-8eae-4805-a5cb-a5a1e8638f5c,HOYA DESKTOP Premium Desktop Premium 1.50 No-Risk BlueControl,DESKTOP Premium Desktop Premium,ocupacional,TRIVEX,1.50,premium,True,True,True,True,nenhum,True,True,True,True,False,-8.0,6.0,-4.0,0.0,1.0,3.5,1847.0,1847.0,5541.0,ativo,True,True,10
01566e01-6839-41b9-b3a2-9d38fb26d07e,852e5fb8-8eae-4805-a5cb-a5a1e8638f5c,852e5fb8-8eae-4805-a5cb-a5a1e8638f5c,HOYA DESKTOP Premium Desktop Premium 1.50 No-Risk BlueControl,DESKTOP Premium Desktop Premium,ocupacional,CR39,1.50,premium,True,True,True,True,nenhum,True,True,True,True,False,-8.0,6.0,-4.0,0.0,1.0,3.5,1523.0,1523.0,4569.0,ativo,True,True,10
ec5d0837-1e96-4f6f-91ae-769d8e7e94b9,852e5fb8-8eae-4805-a5cb-a5a1e8638f5c,852e5fb8-8eae-4805-a5cb-a5a1e8638f5c,HOYA DESKTOP Premium Desktop Premium 1.50 No-Risk,DESKTOP Premium Desktop Premium,ocupacional,TRIVEX,1.50,premium,False,False,False,False,nenhum,False,False,False,False,False,-8.0,6.0,-4.0,0.0,1.0,3.5,1847.0,1847.0,5541.0,ativo,True,True,10
635dfc81-6c73-44b8-bdc7-b165ef75edf3,852e5fb8-8eae-4805-a5cb-a5a1e8638f5c,852e5fb8-8eae-4805-a5cb-a5a1e8638f5c,HOYA DESKTOP Premium Desktop Premium 1.50 No-Risk,DESKTOP Premium Desktop Premium,ocupacional,CR39,1.50,premium,False,False,False,False,nenhum,False,False,False,False,False,-8.0,6.0,-4.0,0.0,1.0,3.5,1523.0,1523.0,4569.0,ativo,True,True,10
76357043-f720-4369-a3eb-5b22a259025b,852e5fb8-8eae-4805-a5cb-a5a1e8638f5c,852e5fb8-8eae-4805-a5cb-a5a1e8638f5c,HOYA DESKTOP Premium Desktop Premium 1.50 CleanExtra,DESKTOP Premium Desktop Premium,ocupacional,TRIVEX,1.50,premium,False,False,False,False,nenhum,False,False,False,False,False,-8.0,6.0,-4.0,0.0,1.0,3.5,1469.0,1469.0,4407.0,ativo,True,True,10
c3bcdca8-8d3c-4ace-a0a2-fbb30ad51d5a,852e5fb8-8eae-4805-a5cb-a5a1e8638f5c,852e5fb8-8eae-4805-a5cb-a5a1e8638f5c,HOYA DESKTOP Premium Desktop Premium 1.50 CleanExtra,DESKTOP Premium Desktop Premium,ocupacional,CR39,1.50,premium,False,False,False,False,nenhum,False,False,False,False,False,-8.0,6.0,-4.0,0.0,1.0,3.5,1145.0,1145.0,3435.0,ativo,True,True,10
0677cf70-f0a8-4556-a241-4a47763d4a17,852e5fb8-8eae-4805-a5cb-a5a1e8638f5c,852e5fb8-8eae-4805-a5cb-a5a1e8638f5c,HOYA MiYOSMART MiYOSMART 1.61 MiYOSMART,MiYOSMART MiYOSMART,visao_simples,HIGH_INDEX,1.61,premium,True,True,True,False,nenhum,True,False,True,True,False,-6.0,0.0,-2.0,0.0,0.0,0.0,1989.0,1989.0,5967.0,ativo,True,True,10
95615949-7366-4bcc-a49f-f1a8f3c7299b,852e5fb8-8eae-4805-a5cb-a5a1e8638f5c,852e5fb8-8eae-4805-a5cb-a5a1e8638f5c,HOYA MiYOSMART MiYOSMART 1.61 MiYOSMART,MiYOSMART MiYOSMART,visao_simples,HIGH_INDEX,1.61,premium,True,True,True,False,nenhum,True,False,True,True,False,-6.0,0.0,-2.0,0.0,0.0,0.0,2189.0,2189.0,6567.0,ativo,True,True,10
e58ff844-e4de-4623-a4f3-4741aa5a94e9,852e5fb8-8eae-4805-a5cb-a5a1e8638f5c,852e5fb8-8eae-4805-a5cb-a5a1e8638f5c,HOYA MiYOSMART MiYOSMART 1.61 MiYOSMART,MiYOSMART MiYOSMART,visao_simples,HIGH_INDEX,1.61,premium,True,True,True,False,nenhum,True,False,True,True,False,-6.0,0.0,-2.0,0.0,0.0,0.0,2189.0,2189.0,6567.0,ativo,True,True,10
5ec8de8c-0bfe-4c1f-bed0-e9e4d8e239c3,852e5fb8-8eae-4805-a5cb-a5a1e8638f5c,852e5fb8-8eae-4805-a5cb-a5a1e8638f5c,HOYA ENROUTE Hoylux EnRoute 1.74 EnRoute,ENROUTE Hoylux EnRoute,visao_simples,HIGH_INDEX,1.74,premium,False,False,True,False,nenhum,False,False,True,False,False,-12.0,6.0,-6.0,0.0,0.75,3.5,6166.0,6166.0,18498.0,ativo,True,True,10
b0f1831c-701c-49c8-8be4-7daf6e52a444,852e5fb8-8eae-4805-a5cb-a5a1e8638f5c,852e5fb8-8eae-4805-a5cb-a5a1e8638f5c,HOYA ENROUTE Hoylux EnRoute 1.67 EnRoute,ENROUTE Hoylux EnRoute,visao_simples,HIGH_INDEX,1.67,premium,False,False,True,False,nenhum,False,False,True,False,False,-12.0,6.0,-6.0,0.0,0.75,3.5,4384.0,4384.0,13152.0,ativo,True,True,10
173c7749-f59b-4da6-9627-389bf808b6f1,852e5fb8-8eae-4805-a5cb-a5a1e8638f5c,852e5fb8-8eae-4805-a5cb-a5a1e8638f5c,HOYA ENROUTE Miolight / Hiperlight EnRoute 1.74 EnRoute,ENROUTE Miolight / Hiperlight EnRoute,visao_simples,HIGH_INDEX,1.74,premium,False,False,True,False,nenhum,False,False,True,False,False,-15.0,6.0,-4.0,0.0,0.0,0.0,2826.0,2826.0,8478.0,ativo,True,True,10
2f9fc42e-1a2e-4ca1-a12e-ac55f00b767a,852e5fb8-8eae-4805-a5cb-a5a1e8638f5c,852e5fb8-8eae-4805-a5cb-a5a1e8638f5c,HOYA ENROUTE Miolight / Hiperlight EnRoute 1.67 EnRoute,ENROUTE Miolight / Hiperlight EnRoute,visao_simples,HIGH_INDEX,1.67,premium,False,False,True,False,nenhum,False,False,True,False,False,-15.0,6.0,-4.0,0.0,0.0,0.0,2178.0,2178.0,6534.0,ativo,True,True,10
df4c00ee-5125-4475-9b19-998eb136d074,852e5fb8-8eae-4805-a5cb-a5a1e8638f5c,852e5fb8-8eae-4805-a5cb-a5a1e8638f5c,HOYA ENROUTE Miolight / Hiperlight EnRoute 1.74 EnRoute,ENROUTE Miolight / Hiperlight EnRoute,visao_simples,HIGH_INDEX,1.74,premium,False,False,True,False,nenhum,False,False,True,False,False,-15.0,6.0,-4.0,0.0,0.0,0.0,2826.0,2826.0,8478.0,ativo,True,True,10
4c843a06-bd11-44f9-8e7c-cdec797356b5,852e5fb8-8eae-4805-a5cb-a5a1e8638f5c,852e5fb8-8eae-4805-a5cb-a5a1e8638f5c,HOYA ENROUTE Miolight / Hiperlight EnRoute 1.67 EnRoute,ENROUTE Miolight / Hiperlight EnRoute,visao_simples,HIGH_INDEX,1.67,premium,False,False,True,False,nenhum,False,False,True,False,False,-15.0,6.0,-4.0,0.0,0.0,0.0,2178.0,2178.0,6534.0,ativo,True,True,10
ba8cedcb-2513-4818-9522-fe7cf88e18b0,852e5fb8-8eae-4805-a5cb-a5a1e8638f5c,852e5fb8-8eae-4805-a5cb-a5a1e8638f5c,HOYA SYNC SYNC 1.74 BlueControl,SYNC SYNC,visao_simples,HIGH_INDEX,1.74,premium,True,True,True,True,nenhum,True,True,True,True,False,0.0,0.0,-13.0,9.0,0.0,0.0,3452.0,3452.0,10356.0,ativo,True,True,10
3ce0f226-9f96-4c0e-903b-50d591d107a5,852e5fb8-8eae-4805-a5cb-a5a1e8638f5c,852e5fb8-8eae-4805-a5cb-a5a1e8638f5c,HOYA SYNC SYNC 1.67 BlueControl,SYNC SYNC,visao_simples,HIGH_INDEX,1.67,premium,True,True,True,True,nenhum,True,True,True,True,False,0.0,0.0,-13.0,9.0,0.0,0.0,3020.0,3020.0,9060.0,ativo,True,True,10
0f79e94c-3b53-40b4-88cf-c02353f45179,852e5fb8-8eae-4805-a5cb-a5a1e8638f5c,852e5fb8-8eae-4805-a5cb-a5a1e8638f5c,HOYA SYNC SYNC 1.61 BlueControl,SYNC SYNC,visao_simples,HIGH_INDEX,1.61,premium,True,True,True,True,nenhum,True,True,True,True,False,0.0,0.0,-13.0,9.0,0.0,0.0,2372.0,2372.0,7116.0,ativo,True,True,10
f8943116-d62a-4831-a2f8-9d1cf1a590a5,852e5fb8-8eae-4805-a5cb-a5a1e8638f5c,852e5fb8-8eae-4805-a5cb-a5a1e8638f5c,HOYA SYNC SYNC 1.50 BlueControl,SYNC SYNC,visao_simples,TRIVEX,1.50,premium,True,True,True,True,nenhum,True,True,True,True,False,0.0,0.0,-13.0,9.0,0.0,0.0,1616.0,1616.0,4848.0,ativo,True,True,10
e687a9cb-c57c-4080-9dd4-3c96369bfe0c,852e5fb8-8eae-4805-a5cb-a5a1e8638f5c,852e5fb8-8eae-4805-a5cb-a5a1e8638f5c,HOYA SYNC SYNC 1.50 BlueControl,SYNC SYNC,visao_simples,CR39,1.50,premium,True,True,True,True,nenhum,True,True,True,True,False,0.0,0.0,-13.0,9.0,0.0,0.0,1616.0,1616.0,4848.0,ativo,True,True,10
f03c1172-8b9c-4cae-b4c4-584ff5705544,852e5fb8-8eae-4805-a5cb-a5a1e8638f5c,852e5fb8-8eae-4805-a5cb-a5a1e8638f5c,HOYA SYNC SYNC 1.67 Sensity 2 + BlueControl,SYNC SYNC,visao_simples,HIGH_INDEX,1.67,premium,True,True,True,True,fotocromático,True,True,True,True,False,0.0,0.0,0.0,0.0,0.0,0.0,3938.0,3938.0,11814.0,ativo,True,True,10
b8417c5b-c96d-482d-8a08-fab565247c81,852e5fb8-8eae-4805-a5cb-a5a1e8638f5c,852e5fb8-8eae-4805-a5cb-a5a1e8638f5c,HOYA SYNC SYNC 1.67 Sensity 2 + BlueControl,SYNC SYNC,visao_simples,HIGH_INDEX,1.67,premium,True,True,True,True,fotocromático,True,True,True,True,False,0.0,0.0,0.0,0.0,0.0,0.0,3938.0,3938.0,11814.0,ativo,True,True,10
6939eb57-0094-4bcf-a632-ca309a123d82,852e5fb8-8eae-4805-a5cb-a5a1e8638f5c,852e5fb8-8eae-4805-a5cb-a5a1e8638f5c,HOYA SYNC SYNC 1.67 Sensity 2 + No-Risk BC,SYNC SYNC,visao_simples,HIGH_INDEX,1.67,premium,False,False,True,False,fotocromático,False,False,True,False,False,0.0,0.0,0.0,0.0,0.0,0.0,3668.0,3668.0,11004.0,ativo,True,True,10
115b40e9-9f8e-4e4c-b772-a349c918fbce,852e5fb8-8eae-4805-a5cb-a5a1e8638f5c,852e5fb8-8eae-4805-a5cb-a5a1e8638f5c,HOYA SYNC SYNC 1.50 Sun Pro,SYNC SYNC,visao_simples,CR39,1.50,premium,False,False,False,False,nenhum,False,False,False,False,False,0.0,0.0,0.0,0.0,0.0,3.0,2188.0,2188.0,6564.0,ativo,True,True,10
334c67ab-6d5e-45e5-8da8-f0344146d3b1,852e5fb8-8eae-4805-a5cb-a5a1e8638f5c,852e5fb8-8eae-4805-a5cb-a5a1e8638f5c,HOYA SYNC SYNC 1.74 Coloração,SYNC SYNC,visao_simples,HIGH_INDEX,1.74,premium,False,False,True,False,nenhum,False,False,True,False,False,0.0,0.0,-13.0,9.0,0.0,0.0,3452.0,3452.0,10356.0,ativo,True,True,10
9382e3e4-264a-484b-9076-7ca4c4825e32,852e5fb8-8eae-4805-a5cb-a5a1e8638f5c,852e5fb8-8eae-4805-a5cb-a5a1e8638f5c,HOYA SYNC SYNC 1.67 Coloração,SYNC SYNC,visao_simples,HIGH_INDEX,1.67,premium,False,False,True,False,nenhum,False,False,True,False,False,0.0,0.0,-13.0,9.0,0.0,0.0,3020.0,3020.0,9060.0,ativo,True,True,10
22b1b8c2-c82c-454f-9e06-0f5132ef2d25,852e5fb8-8eae-4805-a5cb-a5a1e8638f5c,852e5fb8-8eae-4805-a5cb-a5a1e8638f5c,HOYA SYNC SYNC 1.61 Coloração,SYNC SYNC,visao_simples,HIGH_INDEX,1.61,premium,False,False,True,False,nenhum,False,False,True,False,False,0.0,0.0,-13.0,9.0,0.0,0.0,2372.0,2372.0,7116.0,ativo,True,True,10
a9d38075-54ad-4041-b61c-e29830582f1b,852e5fb8-8eae-4805-a5cb-a5a1e8638f5c,852e5fb8-8eae-4805-a5cb-a5a1e8638f5c,HOYA SYNC SYNC 1.50 Coloração,SYNC SYNC,visao_simples,CR39,1.50,premium,False,False,False,False,nenhum,False,False,False,False,False,0.0,0.0,-13.0,9.0,0.0,0.0,1886.0,1886.0,5658.0,ativo,True,True,10
02b6be60-9466-4bb8-afb8-7463276ed74e,852e5fb8-8eae-4805-a5cb-a5a1e8638f5c,852e5fb8-8eae-4805-a5cb-a5a1e8638f5c,HOYA SPORTIVE Hoylux Sportive 1.74 BlueControl,SPORTIVE Hoylux Sportive,visao_simples,HIGH_INDEX,1.74,premium,True,True,True,True,nenhum,True,True,True,True,False,-5.0,4.0,-4.0,0.0,1.0,2.5,6550.0,6550.0,19650.0,ativo,True,True,10
8537a440-1649-4446-9233-2966ba3880ef,852e5fb8-8eae-4805-a5cb-a5a1e8638f5c,852e5fb8-8eae-4805-a5cb-a5a1e8638f5c,HOYA SPORTIVE Hoylux Sportive 1.67 BlueControl,SPORTIVE Hoylux Sportive,visao_simples,HIGH_INDEX,1.67,premium,True,True,True,True,nenhum,True,True,True,True,False,-5.0,4.0,-4.0,0.0,1.0,2.5,4768.0,4768.0,14304.0,ativo,True,True,10
e7424838-4860-49a6-bddb-22deb42cfcae,852e5fb8-8eae-4805-a5cb-a5a1e8638f5c,852e5fb8-8eae-4805-a5cb-a5a1e8638f5c,HOYA SPORTIVE Hoylux Sportive 1.50 BlueControl,SPORTIVE Hoylux Sportive,visao_simples,TRIVEX,1.50,premium,True,True,True,True,nenhum,True,True,True,True,False,-5.0,4.0,-4.0,0.0,1.0,2.5,4282.0,4282.0,12846.0,ativo,True,True,10
c3c69f04-82ec-44c1-b757-63c5329ec098,852e5fb8-8eae-4805-a5cb-a5a1e8638f5c,852e5fb8-8eae-4805-a5cb-a5a1e8638f5c,HOYA SPORTIVE Hoylux Sportive 1.50 BlueControl,SPORTIVE Hoylux Sportive,visao_simples,CR39,1.50,premium,True,True,True,True,nenhum,True,True,True,True,False,-5.0,4.0,-4.0,0.0,1.0,2.5,3958.0,3958.0,11874.0,ativo,True,True,10
c1a4c066-110d-443a-b361-300947815ce7,852e5fb8-8eae-4805-a5cb-a5a1e8638f5c,852e5fb8-8eae-4805-a5cb-a5a1e8638f5c,HOYA SPORTIVE Hoylux Sportive 1.74 LongLife,SPORTIVE Hoylux Sportive,visao_simples,HIGH_INDEX,1.74,premium,True,True,True,False,nenhum,True,False,True,True,False,-5.0,4.0,-4.0,0.0,1.0,2.5,6550.0,6550.0,19650.0,ativo,True,True,10
9edaaab8-b15a-4614-a038-e6c8982a08a9,852e5fb8-8eae-4805-a5cb-a5a1e8638f5c,852e5fb8-8eae-4805-a5cb-a5a1e8638f5c,HOYA SPORTIVE Hoylux Sportive 1.67 LongLife,SPORTIVE Hoylux Sportive,visao_simples,HIGH_INDEX,1.67,premium,True,True,True,False,nenhum,True,False,True,True,False,-5.0,4.0,-4.0,0.0,1.0,2.5,4768.0,4768.0,14304.0,ativo,True,True,10
023d0b4b-b2d0-441b-bcbf-a20e72592842,852e5fb8-8eae-4805-a5cb-a5a1e8638f5c,852e5fb8-8eae-4805-a5cb-a5a1e8638f5c,HOYA SPORTIVE Hoylux Sportive 1.50 LongLife,SPORTIVE Hoylux Sportive,visao_simples,TRIVEX,1.50,premium,True,True,False,False,nenhum,True,False,False,True,False,-5.0,4.0,-4.0,0.0,1.0,2.5,4282.0,4282.0,12846.0,ativo,True,True,10
8013eb04-b7b2-43e7-baf6-fbadfb381e4b,852e5fb8-8eae-4805-a5cb-a5a1e8638f5c,852e5fb8-8eae-4805-a5cb-a5a1e8638f5c,HOYA SPORTIVE Hoylux Sportive 1.50 LongLife,SPORTIVE Hoylux Sportive,visao_simples,CR39,1.50,premium,True,True,False,False,nenhum,True,False,False,True,False,-5.0,4.0,-4.0,0.0,1.0,2.5,3958.0,3958.0,11874.0,ativo,True,True,10
07da4f10-7eea-488d-a428-af8601c3dc41,852e5fb8-8eae-4805-a5cb-a5a1e8638f5c,852e5fb8-8eae-4805-a5cb-a5a1e8638f5c,HOYA SPORTIVE Hoylux Sportive 1.74 No-Risk BlueControl,SPORTIVE Hoylux Sportive,visao_simples,HIGH_INDEX,1.74,premium,True,True,True,True,nenhum,True,True,True,True,False,-5.0,4.0,-4.0,0.0,1.0,2.5,6280.0,6280.0,18840.0,ativo,True,True,10
4b707e65-be13-464c-b36c-e1ecf5d6376e,852e5fb8-8eae-4805-a5cb-a5a1e8638f5c,852e5fb8-8eae-4805-a5cb-a5a1e8638f5c,HOYA SPORTIVE Hoylux Sportive 1.67 No-Risk BlueControl,SPORTIVE Hoylux Sportive,visao_simples,HIGH_INDEX,1.67,premium,True,True,True,True,nenhum,True,True,True,True,False,-5.0,4.0,-4.0,0.0,1.0,2.5,4498.0,4498.0,13494.0,ativo,True,True,10
6d2380cf-ed4c-4eeb-8b20-ae65bb927211,852e5fb8-8eae-4805-a5cb-a5a1e8638f5c,852e5fb8-8eae-4805-a5cb-a5a1e8638f5c,HOYA SPORTIVE Hoylux Sportive 1.50 No-Risk BlueControl,SPORTIVE Hoylux Sportive,visao_simples,TRIVEX,1.50,premium,True,True,True,True,nenhum,True,True,True,True,False,-5.0,4.0,-4.0,0.0,1.0,2.5,4012.0,4012.0,12036.0,ativo,True,True,10
13b24c6b-2296-47ce-882a-81aa9e24fc21,852e5fb8-8eae-4805-a5cb-a5a1e8638f5c,852e5fb8-8eae-4805-a5cb-a5a1e8638f5c,HOYA SPORTIVE Hoylux Sportive 1.50 No-Risk BlueControl,SPORTIVE Hoylux Sportive,visao_simples,CR39,1.50,premium,True,True,True,True,nenhum,True,True,True,True,False,-5.0,4.0,-4.0,0.0,1.0,2.5,3688.0,3688.0,11064.0,ativo,True,True,10
0073b2da-b221-4b1b-b165-b872a841a5fe,852e5fb8-8eae-4805-a5cb-a5a1e8638f5c,852e5fb8-8eae-4805-a5cb-a5a1e8638f5c,HOYA SPORTIVE Hoylux Sportive 1.74 No-Risk,SPORTIVE Hoylux Sportive,visao_simples,HIGH_INDEX,1.74,premium,False,False,True,False,nenhum,False,False,True,False,False,-5.0,4.0,-4.0,0.0,1.0,2.5,6280.0,6280.0,18840.0,ativo,True,True,10
92ad953e-76b3-43e9-be80-9ed82cab7b7a,852e5fb8-8eae-4805-a5cb-a5a1e8638f5c,852e5fb8-8eae-4805-a5cb-a5a1e8638f5c,HOYA SPORTIVE Hoylux Sportive 1.67 No-Risk,SPORTIVE Hoylux Sportive,visao_simples,HIGH_INDEX,1.67,premium,False,False,True,False,nenhum,False,False,True,False,False,-5.0,4.0,-4.0,0.0,1.0,2.5,4498.0,4498.0,13494.0,ativo,True,True,10
e20c67ca-eb07-4e9e-878e-d394ff98793d,852e5fb8-8eae-4805-a5cb-a5a1e8638f5c,852e5fb8-8eae-4805-a5cb-a5a1e8638f5c,HOYA SPORTIVE Hoylux Sportive 1.50 No-Risk,SPORTIVE Hoylux Sportive,visao_simples,TRIVEX,1.50,premium,False,False,False,False,nenhum,False,False,False,False,False,-5.0,4.0,-4.0,0.0,1.0,2.5,4012.0,4012.0,12036.0,ativo,True,True,10
2bf7d967-77c7-4c7c-b4d3-3fc0a188fd9c,852e5fb8-8eae-4805-a5cb-a5a1e8638f5c,852e5fb8-8eae-4805-a5cb-a5a1e8638f5c,HOYA SPORTIVE Hoylux Sportive 1.50 No-Risk,SPORTIVE Hoylux Sportive,visao_simples,CR39,1.50,premium,False,False,False,False,nenhum,False,False,False,False,False,-5.0,4.0,-4.0,0.0,1.0,2.5,3688.0,3688.0,11064.0,ativo,True,True,10
cb53e176-e998-4d20-9825-1c18ca5d98b5,852e5fb8-8eae-4805-a5cb-a5a1e8638f5c,852e5fb8-8eae-4805-a5cb-a5a1e8638f5c,HOYA SPORTIVE Hoylux Sportive 1.74 CleanExtra,SPORTIVE Hoylux Sportive,visao_simples,HIGH_INDEX,1.74,premium,False,False,True,False,nenhum,False,False,True,False,False,-5.0,4.0,-4.0,0.0,1.0,2.5,5902.0,5902.0,17706.0,ativo,True,True,10
1a0d8180-d7cc-4259-bf58-b95031ce46e2,852e5fb8-8eae-4805-a5cb-a5a1e8638f5c,852e5fb8-8eae-4805-a5cb-a5a1e8638f5c,HOYA SPORTIVE Hoylux Sportive 1.67 CleanExtra,SPORTIVE Hoylux Sportive,visao_simples,HIGH_INDEX,1.67,premium,False,False,True,False,nenhum,False,False,True,False,False,-5.0,4.0,-4.0,0.0,1.0,2.5,4120.0,4120.0,12360.0,ativo,True,True,10
0f26b3fb-33a7-40a9-9f8f-7fab33140b04,852e5fb8-8eae-4805-a5cb-a5a1e8638f5c,852e5fb8-8eae-4805-a5cb-a5a1e8638f5c,HOYA SPORTIVE Hoylux Sportive 1.50 CleanExtra,SPORTIVE Hoylux Sportive,visao_simples,TRIVEX,1.50,premium,False,False,False,False,nenhum,False,False,False,False,False,-5.0,4.0,-4.0,0.0,1.0,2.5,3634.0,3634.0,10902.0,ativo,True,True,10
b9ef40f9-fc3f-4409-aa7f-91208dc1928f,852e5fb8-8eae-4805-a5cb-a5a1e8638f5c,852e5fb8-8eae-4805-a5cb-a5a1e8638f5c,HOYA SPORTIVE Hoylux Sportive 1.50 CleanExtra,SPORTIVE Hoylux Sportive,visao_simples,CR39,1.50,premium,False,False,False,False,nenhum,False,False,False,False,False,-5.0,4.0,-4.0,0.0,1.0,2.5,3310.0,3310.0,9930.0,ativo,True,True,10
01df0f2b-0dfd-4e4d-8a39-f8e2d939a1a3,852e5fb8-8eae-4805-a5cb-a5a1e8638f5c,852e5fb8-8eae-4805-a5cb-a5a1e8638f5c,HOYA SPORTIVE Hoylux Sportive 1.74 Hard,SPORTIVE Hoylux Sportive,visao_simples,HIGH_INDEX,1.74,premium,True,True,True,False,nenhum,True,False,True,True,False,-5.0,4.0,-4.0,0.0,1.0,2.5,5524.0,5524.0,16572.0,ativo,True,True,10
248c93c9-2ca4-4776-ae38-bb892047a956,852e5fb8-8eae-4805-a5cb-a5a1e8638f5c,852e5fb8-8eae-4805-a5cb-a5a1e8638f5c,HOYA SPORTIVE Hoylux Sportive 1.67 Hard,SPORTIVE Hoylux Sportive,visao_simples,HIGH_INDEX,1.67,premium,True,True,True,False,nenhum,True,False,True,True,False,-5.0,4.0,-4.0,0.0,1.0,2.5,3742.0,3742.0,11226.0,ativo,True,True,10
404394ab-f427-49ba-85a4-ea7020d11108,852e5fb8-8eae-4805-a5cb-a5a1e8638f5c,852e5fb8-8eae-4805-a5cb-a5a1e8638f5c,HOYA SPORTIVE Hoylux Sportive 1.50 Hard,SPORTIVE Hoylux Sportive,visao_simples,TRIVEX,1.50,premium,True,True,False,False,nenhum,True,False,False,True,False,-5.0,4.0,-4.0,0.0,1.0,2.5,3256.0,3256.0,9768.0,ativo,True,True,10
41bf2329-c67b-473a-a256-fd19b7eaff06,852e5fb8-8eae-4805-a5cb-a5a1e8638f5c,852e5fb8-8eae-4805-a5cb-a5a1e8638f5c,HOYA SPORTIVE Hoylux Sportive 1.50 Hard,SPORTIVE Hoylux Sportive,visao_simples,CR39,1.50,premium,True,True,False,False,nenhum,True,False,False,True,False,-5.0,4.0,-4.0,0.0,1.0,2.5,2932.0,2932.0,8796.0,ativo,True,True,10
52d04a15-f3d8-4b8f-86c1-1f1622fb017e,852e5fb8-8eae-4805-a5cb-a5a1e8638f5c,852e5fb8-8eae-4805-a5cb-a5a1e8638f5c,HOYA SPORTIVE Hoylux Sportive 1.61 BlueControl,SPORTIVE Hoylux Sportive,visao_simples,HIGH_INDEX,1.61,premium,True,True,True,True,nenhum,True,True,True,True,False,0.0,-4.0,1.0,2.5,0.0,0.0,5632.0,5632.0,16896.0,ativo,True,True,10
044b71d4-dc73-4f7c-844c-d71eebf9135f,852e5fb8-8eae-4805-a5cb-a5a1e8638f5c,852e5fb8-8eae-4805-a5cb-a5a1e8638f5c,HOYA SPORTIVE Hoylux Sportive 1.50 BlueControl,SPORTIVE Hoylux Sportive,visao_simples,TRIVEX,1.50,premium,True,True,True,True,nenhum,True,True,True,True,False,0.0,-4.0,1.0,2.5,0.0,0.0,5308.0,5308.0,15924.0,ativo,True,True,10
740e4f3e-9a99-4130-a717-bc78d9a818da,852e5fb8-8eae-4805-a5cb-a5a1e8638f5c,852e5fb8-8eae-4805-a5cb-a5a1e8638f5c,HOYA SPORTIVE Hoylux Sportive 1.61 LongLife,SPORTIVE Hoylux Sportive,visao_simples,HIGH_INDEX,1.61,premium,True,True,True,False,nenhum,True,False,True,True,False,0.0,-4.0,1.0,2.5,0.0,0.0,5632.0,5632.0,16896.0,ativo,True,True,10
01f74457-81d6-4298-b9a5-4ea7f371827a,852e5fb8-8eae-4805-a5cb-a5a1e8638f5c,852e5fb8-8eae-4805-a5cb-a5a1e8638f5c,HOYA SPORTIVE Hoylux Sportive 1.50 LongLife,SPORTIVE Hoylux Sportive,visao_simples,TRIVEX,1.50,premium,True,True,False,False,nenhum,True,False,False,True,False,0.0,-4.0,1.0,2.5,0.0,0.0,5308.0,5308.0,15924.0,ativo,True,True,10
bea15e9c-f2b8-401d-8098-18f8217a8957,852e5fb8-8eae-4805-a5cb-a5a1e8638f5c,852e5fb8-8eae-4805-a5cb-a5a1e8638f5c,HOYA SPORTIVE Hoylux Sportive 1.61 No-Risk BlueControl,SPORTIVE Hoylux Sportive,visao_simples,HIGH_INDEX,1.61,premium,True,True,True,True,nenhum,True,True,True,True,False,0.0,-4.0,1.0,2.5,0.0,0.0,5362.0,5362.0,16086.0,ativo,True,True,10
3738361d-a173-43b6-800e-cb0e879e9062,852e5fb8-8eae-4805-a5cb-a5a1e8638f5c,852e5fb8-8eae-4805-a5cb-a5a1e8638f5c,HOYA SPORTIVE Hoylux Sportive 1.50 No-Risk BlueControl,SPORTIVE Hoylux Sportive,visao_simples,TRIVEX,1.50,premium,True,True,True,True,nenhum,True,True,True,True,False,0.0,-4.0,1.0,2.5,0.0,0.0,5038.0,5038.0,15114.0,ativo,True,True,10
bbe2be15-579d-443b-a5fb-73a4d687e229,852e5fb8-8eae-4805-a5cb-a5a1e8638f5c,852e5fb8-8eae-4805-a5cb-a5a1e8638f5c,HOYA SPORTIVE Hoylux Sportive 1.61 No-Risk,SPORTIVE Hoylux Sportive,visao_simples,HIGH_INDEX,1.61,premium,False,False,True,False,nenhum,False,False,True,False,False,0.0,-4.0,1.0,2.5,0.0,0.0,5362.0,5362.0,16086.0,ativo,True,True,10
bfcd2c9b-2161-403e-b662-b2f7fd7a1d14,852e5fb8-8eae-4805-a5cb-a5a1e8638f5c,852e5fb8-8eae-4805-a5cb-a5a1e8638f5c,HOYA SPORTIVE Hoylux Sportive 1.50 No-Risk,SPORTIVE Hoylux Sportive,visao_simples,TRIVEX,1.50,premium,False,False,False,False,nenhum,False,False,False,False,False,0.0,-4.0,1.0,2.5,0.0,0.0,5038.0,5038.0,15114.0,ativo,True,True,10
c24a64ea-92ee-404b-b6f6-6bb766f0dbde,852e5fb8-8eae-4805-a5cb-a5a1e8638f5c,852e5fb8-8eae-4805-a5cb-a5a1e8638f5c,HOYA SPORTIVE Hoylux Sportive 1.61 CleanExtra / Hard,SPORTIVE Hoylux Sportive,visao_simples,HIGH_INDEX,1.61,premium,True,True,True,False,nenhum,True,False,True,True,False,0.0,-4.0,1.0,2.5,0.0,0.0,4984.0,4984.0,14952.0,ativo,True,True,10
bfced27d-f407-468b-9047-5e3739f4234e,852e5fb8-8eae-4805-a5cb-a5a1e8638f5c,852e5fb8-8eae-4805-a5cb-a5a1e8638f5c,HOYA SPORTIVE Hoylux Sportive 1.50 CleanExtra / Hard,SPORTIVE Hoylux Sportive,visao_simples,TRIVEX,1.50,premium,True,True,False,False,nenhum,True,False,False,True,False,0.0,-4.0,1.0,2.5,0.0,0.0,4660.0,4660.0,13980.0,ativo,True,True,10
01cd471f-9eb2-4b22-b033-7038e1272303,852e5fb8-8eae-4805-a5cb-a5a1e8638f5c,852e5fb8-8eae-4805-a5cb-a5a1e8638f5c,HOYA SPORTIVE Hoylux Sportive 1.61 BlueControl,SPORTIVE Hoylux Sportive,visao_simples,HIGH_INDEX,1.61,premium,True,True,True,True,nenhum,True,True,True,True,False,0.0,-4.0,1.0,2.5,0.0,0.0,5394.0,5394.0,16182.0,ativo,True,True,10
d803a2e2-dfc1-41c4-a906-fa1ef4988824,852e5fb8-8eae-4805-a5cb-a5a1e8638f5c,852e5fb8-8eae-4805-a5cb-a5a1e8638f5c,HOYA SPORTIVE Hoylux Sportive 1.50 BlueControl,SPORTIVE Hoylux Sportive,visao_simples,TRIVEX,1.50,premium,True,True,True,True,nenhum,True,True,True,True,False,0.0,-4.0,1.0,2.5,0.0,0.0,4584.0,4584.0,13752.0,ativo,True,True,10
afd90e9a-9c9f-4647-b358-23e785af2164,852e5fb8-8eae-4805-a5cb-a5a1e8638f5c,852e5fb8-8eae-4805-a5cb-a5a1e8638f5c,HOYA SPORTIVE Hoylux Sportive 1.61 LongLife,SPORTIVE Hoylux Sportive,visao_simples,HIGH_INDEX,1.61,premium,True,True,True,False,nenhum,True,False,True,True,False,0.0,-4.0,1.0,2.5,0.0,0.0,5394.0,5394.0,16182.0,ativo,True,True,10
0a368666-5101-48ae-9c1a-2ea78e45e80f,852e5fb8-8eae-4805-a5cb-a5a1e8638f5c,852e5fb8-8eae-4805-a5cb-a5a1e8638f5c,HOYA SPORTIVE Hoylux Sportive 1.50 LongLife,SPORTIVE Hoylux Sportive,visao_simples,TRIVEX,1.50,premium,True,True,False,False,nenhum,True,False,False,True,False,0.0,-4.0,1.0,2.5,0.0,0.0,4584.0,4584.0,13752.0,ativo,True,True,10
fced238a-70df-451c-8de0-595a7dd080c3,852e5fb8-8eae-4805-a5cb-a5a1e8638f5c,852e5fb8-8eae-4805-a5cb-a5a1e8638f5c,HOYA SPORTIVE Hoylux Sportive 1.61 No-Risk BlueControl,SPORTIVE Hoylux Sportive,visao_simples,HIGH_INDEX,1.61,premium,True,True,True,True,nenhum,True,True,True,True,False,0.0,-4.0,1.0,2.5,0.0,0.0,5124.0,5124.0,15372.0,ativo,True,True,10
31378c52-af45-4bf0-af84-9586dcb4fdd4,852e5fb8-8eae-4805-a5cb-a5a1e8638f5c,852e5fb8-8eae-4805-a5cb-a5a1e8638f5c,HOYA SPORTIVE Hoylux Sportive 1.50 No-Risk BlueControl,SPORTIVE Hoylux Sportive,visao_simples,TRIVEX,1.50,premium,True,True,True,True,nenhum,True,True,True,True,False,0.0,-4.0,1.0,2.5,0.0,0.0,4314.0,4314.0,12942.0,ativo,True,True,10
b41e347c-ff7a-4e2d-b046-894fbc098f77,852e5fb8-8eae-4805-a5cb-a5a1e8638f5c,852e5fb8-8eae-4805-a5cb-a5a1e8638f5c,HOYA SPORTIVE Hoylux Sportive 1.61 No-Risk,SPORTIVE Hoylux Sportive,visao_simples,HIGH_INDEX,1.61,premium,False,False,True,False,nenhum,False,False,True,False,False,0.0,-4.0,1.0,2.5,0.0,0.0,5124.0,5124.0,15372.0,ativo,True,True,10
2f178453-bd09-49c8-ba9e-46567719cbc9,852e5fb8-8eae-4805-a5cb-a5a1e8638f5c,852e5fb8-8eae-4805-a5cb-a5a1e8638f5c,HOYA SPORTIVE Hoylux Sportive 1.50 No-Risk,SPORTIVE Hoylux Sportive,visao_simples,TRIVEX,1.50,premium,False,False,False,False,nenhum,False,False,False,False,False,0.0,-4.0,1.0,2.5,0.0,0.0,4314.0,4314.0,12942.0,ativo,True,True,10
e93adb01-700a-47ae-beb0-6038b4089b82,852e5fb8-8eae-4805-a5cb-a5a1e8638f5c,852e5fb8-8eae-4805-a5cb-a5a1e8638f5c,HOYA SPORTIVE Hoylux Sportive 1.61 CleanExtra / Hard,SPORTIVE Hoylux Sportive,visao_simples,HIGH_INDEX,1.61,premium,True,True,True,False,nenhum,True,False,True,True,False,0.0,-4.0,1.0,2.5,0.0,0.0,4746.0,4746.0,14238.0,ativo,True,True,10
8235cda8-9c8c-4d4e-8a6d-e8e999b0c490,852e5fb8-8eae-4805-a5cb-a5a1e8638f5c,852e5fb8-8eae-4805-a5cb-a5a1e8638f5c,HOYA SPORTIVE Hoylux Sportive 1.50 CleanExtra / Hard,SPORTIVE Hoylux Sportive,visao_simples,TRIVEX,1.50,premium,True,True,False,False,nenhum,True,False,False,True,False,0.0,-4.0,1.0,2.5,0.0,0.0,3936.0,3936.0,11808.0,ativo,True,True,10
d180704a-02ea-4a19-9966-1ce47706c02a,852e5fb8-8eae-4805-a5cb-a5a1e8638f5c,852e5fb8-8eae-4805-a5cb-a5a1e8638f5c,HOYA SPORTIVE Hoylux Sportive 1.74 BlueControl,SPORTIVE Hoylux Sportive,visao_simples,HIGH_INDEX,1.74,premium,True,True,True,True,nenhum,True,True,True,True,False,-5.0,4.0,-4.0,0.0,1.0,2.5,6550.0,6550.0,19650.0,ativo,True,True,10
5eaa3b2f-aad1-4433-aa01-6962ab49f200,852e5fb8-8eae-4805-a5cb-a5a1e8638f5c,852e5fb8-8eae-4805-a5cb-a5a1e8638f5c,HOYA SPORTIVE Hoylux Sportive 1.67 BlueControl,SPORTIVE Hoylux Sportive,visao_simples,HIGH_INDEX,1.67,premium,True,True,True,True,nenhum,True,True,True,True,False,-5.0,4.0,-4.0,0.0,1.0,2.5,4768.0,4768.0,14304.0,ativo,True,True,10
acfe8f7d-dc49-4ff0-b86b-12f615354e98,852e5fb8-8eae-4805-a5cb-a5a1e8638f5c,852e5fb8-8eae-4805-a5cb-a5a1e8638f5c,HOYA SPORTIVE Hoylux Sportive 1.50 BlueControl,SPORTIVE Hoylux Sportive,visao_simples,TRIVEX,1.50,premium,True,True,True,True,nenhum,True,True,True,True,False,-5.0,4.0,-4.0,0.0,1.0,2.5,4282.0,4282.0,12846.0,ativo,True,True,10
ce650375-6753-4c4c-813a-73dd659616d7,852e5fb8-8eae-4805-a5cb-a5a1e8638f5c,852e5fb8-8eae-4805-a5cb-a5a1e8638f5c,HOYA SPORTIVE Hoylux Sportive 1.50 BlueControl,SPORTIVE Hoylux Sportive,visao_simples,CR39,1.50,premium,True,True,True,True,nenhum,True,True,True,True,False,-5.0,4.0,-4.0,0.0,1.0,2.5,3958.0,3958.0,11874.0,ativo,True,True,10
78002b64-285f-4d89-b43c-8341fd59dc3d,852e5fb8-8eae-4805-a5cb-a5a1e8638f5c,852e5fb8-8eae-4805-a5cb-a5a1e8638f5c,HOYA SPORTIVE Hoylux Sportive 1.74 LongLife,SPORTIVE Hoylux Sportive,visao_simples,HIGH_INDEX,1.74,premium,True,True,True,False,nenhum,True,False,True,True,False,-5.0,4.0,-4.0,0.0,1.0,2.5,6550.0,6550.0,19650.0,ativo,True,True,10
a48c8924-25fb-441e-b8b4-9b58977c050f,852e5fb8-8eae-4805-a5cb-a5a1e8638f5c,852e5fb8-8eae-4805-a5cb-a5a1e8638f5c,HOYA SPORTIVE Hoylux Sportive 1.67 LongLife,SPORTIVE Hoylux Sportive,visao_simples,HIGH_INDEX,1.67,premium,True,True,True,False,nenhum,True,False,True,True,False,-5.0,4.0,-4.0,0.0,1.0,2.5,4768.0,4768.0,14304.0,ativo,True,True,10
9a897dda-7a27-4ff4-8ade-4d12709d2f81,852e5fb8-8eae-4805-a5cb-a5a1e8638f5c,852e5fb8-8eae-4805-a5cb-a5a1e8638f5c,HOYA SPORTIVE Hoylux Sportive 1.50 LongLife,SPORTIVE Hoylux Sportive,visao_simples,TRIVEX,1.50,premium,True,True,False,False,nenhum,True,False,False,True,False,-5.0,4.0,-4.0,0.0,1.0,2.5,4282.0,4282.0,12846.0,ativo,True,True,10
e4daa5d5-66e2-4bfe-b9d7-aea28648ec0a,852e5fb8-8eae-4805-a5cb-a5a1e8638f5c,852e5fb8-8eae-4805-a5cb-a5a1e8638f5c,HOYA SPORTIVE Hoylux Sportive 1.50 LongLife,SPORTIVE Hoylux Sportive,visao_simples,CR39,1.50,premium,True,True,False,False,nenhum,True,False,False,True,False,-5.0,4.0,-4.0,0.0,1.0,2.5,3958.0,3958.0,11874.0,ativo,True,True,10
0b5bdac6-d42d-4e6d-abc2-d52124906a98,852e5fb8-8eae-4805-a5cb-a5a1e8638f5c,852e5fb8-8eae-4805-a5cb-a5a1e8638f5c,HOYA SPORTIVE Hoylux Sportive 1.74 No-Risk BlueControl,SPORTIVE Hoylux Sportive,visao_simples,HIGH_INDEX,1.74,premium,True,True,True,True,nenhum,True,True,True,True,False,-5.0,4.0,-4.0,0.0,1.0,2.5,6280.0,6280.0,18840.0,ativo,True,True,10
361bf314-bf65-4607-a7f1-35d202b26d3e,852e5fb8-8eae-4805-a5cb-a5a1e8638f5c,852e5fb8-8eae-4805-a5cb-a5a1e8638f5c,HOYA SPORTIVE Hoylux Sportive 1.67 No-Risk BlueControl,SPORTIVE Hoylux Sportive,visao_simples,HIGH_INDEX,1.67,premium,True,True,True,True,nenhum,True,True,True,True,False,-5.0,4.0,-4.0,0.0,1.0,2.5,4498.0,4498.0,13494.0,ativo,True,True,10
6b310629-1e72-438d-9344-97450386b512,852e5fb8-8eae-4805-a5cb-a5a1e8638f5c,852e5fb8-8eae-4805-a5cb-a5a1e8638f5c,HOYA SPORTIVE Hoylux Sportive 1.50 No-Risk BlueControl,SPORTIVE Hoylux Sportive,visao_simples,TRIVEX,1.50,premium,True,True,True,True,nenhum,True,True,True,True,False,-5.0,4.0,-4.0,0.0,1.0,2.5,4012.0,4012.0,12036.0,ativo,True,True,10
35ac5b61-3279-4ed2-be2e-c4fdcd498d96,852e5fb8-8eae-4805-a5cb-a5a1e8638f5c,852e5fb8-8eae-4805-a5cb-a5a1e8638f5c,HOYA SPORTIVE Hoylux Sportive 1.50 No-Risk BlueControl,SPORTIVE Hoylux Sportive,visao_simples,CR39,1.50,premium,True,True,True,True,nenhum,True,True,True,True,False,-5.0,4.0,-4.0,0.0,1.0,2.5,3688.0,3688.0,11064.0,ativo,True,True,10
c0261b51-734d-4a9b-a119-0671a869405b,852e5fb8-8eae-4805-a5cb-a5a1e8638f5c,852e5fb8-8eae-4805-a5cb-a5a1e8638f5c,HOYA SPORTIVE Hoylux Sportive 1.74 No-Risk,SPORTIVE Hoylux Sportive,visao_simples,HIGH_INDEX,1.74,premium,False,False,True,False,nenhum,False,False,True,False,False,-5.0,4.0,-4.0,0.0,1.0,2.5,6280.0,6280.0,18840.0,ativo,True,True,10
35d5f0db-5912-4393-b035-7d958b87f81b,852e5fb8-8eae-4805-a5cb-a5a1e8638f5c,852e5fb8-8eae-4805-a5cb-a5a1e8638f5c,HOYA SPORTIVE Hoylux Sportive 1.67 No-Risk,SPORTIVE Hoylux Sportive,visao_simples,HIGH_INDEX,1.67,premium,False,False,True,False,nenhum,False,False,True,False,False,-5.0,4.0,-4.0,0.0,1.0,2.5,4498.0,4498.0,13494.0,ativo,True,True,10
c8b17ad3-3e91-49be-be84-30eaca57c165,852e5fb8-8eae-4805-a5cb-a5a1e8638f5c,852e5fb8-8eae-4805-a5cb-a5a1e8638f5c,HOYA SPORTIVE Hoylux Sportive 1.50 No-Risk,SPORTIVE Hoylux Sportive,visao_simples,TRIVEX,1.50,premium,False,False,False,False,nenhum,False,False,False,False,False,-5.0,4.0,-4.0,0.0,1.0,2.5,4012.0,4012.0,12036.0,ativo,True,True,10
19891b79-a414-4f46-9127-ed643f53408a,852e5fb8-8eae-4805-a5cb-a5a1e8638f5c,852e5fb8-8eae-4805-a5cb-a5a1e8638f5c,HOYA SPORTIVE Hoylux Sportive 1.50 No-Risk,SPORTIVE Hoylux Sportive,visao_simples,CR39,1.50,premium,False,False,False,False,nenhum,False,False,False,False,False,-5.0,4.0,-4.0,0.0,1.0,2.5,3688.0,3688.0,11064.0,ativo,True,True,10
f0a16671-36b6-452a-83f4-f59f8a097e50,852e5fb8-8eae-4805-a5cb-a5a1e8638f5c,852e5fb8-8eae-4805-a5cb-a5a1e8638f5c,HOYA SPORTIVE Hoylux Sportive 1.74 CleanExtra / Hard,SPORTIVE Hoylux Sportive,visao_simples,HIGH_INDEX,1.74,premium,True,True,True,False,nenhum,True,False,True,True,False,-5.0,4.0,-4.0,0.0,1.0,2.5,5902.0,5902.0,17706.0,ativo,True,True,10
75e0dd0b-e809-45ee-92f1-44fe87715537,852e5fb8-8eae-4805-a5cb-a5a1e8638f5c,852e5fb8-8eae-4805-a5cb-a5a1e8638f5c,HOYA SPORTIVE Hoylux Sportive 1.67 CleanExtra / Hard,SPORTIVE Hoylux Sportive,visao_simples,HIGH_INDEX,1.67,premium,True,True,True,False,nenhum,True,False,True,True,False,-5.0,4.0,-4.0,0.0,1.0,2.5,4120.0,4120.0,12360.0,ativo,True,True,10
023fcdd1-d04e-4677-996b-f15bed4659ea,852e5fb8-8eae-4805-a5cb-a5a1e8638f5c,852e5fb8-8eae-4805-a5cb-a5a1e8638f5c,HOYA SPORTIVE Hoylux Sportive 1.50 CleanExtra / Hard,SPORTIVE Hoylux Sportive,visao_simples,TRIVEX,1.50,premium,True,True,False,False,nenhum,True,False,False,True,False,-5.0,4.0,-4.0,0.0,1.0,2.5,3634.0,3634.0,10902.0,ativo,True,True,10
a1816a00-9ae8-4ad1-befa-7466d9a2b3f2,852e5fb8-8eae-4805-a5cb-a5a1e8638f5c,852e5fb8-8eae-4805-a5cb-a5a1e8638f5c,HOYA SPORTIVE Hoylux Sportive 1.50 CleanExtra / Hard,SPORTIVE Hoylux Sportive,visao_simples,CR39,1.50,premium,True,True,False,False,nenhum,True,False,False,True,False,-5.0,4.0,-4.0,0.0,1.0,2.5,3310.0,3310.0,9930.0,ativo,True,True,10
c190de4f-0203-4651-aeea-cd186d186cff,852e5fb8-8eae-4805-a5cb-a5a1e8638f5c,852e5fb8-8eae-4805-a5cb-a5a1e8638f5c,HOYA SPORTIVE Hoylux Sportive 1.74 BlueControl,SPORTIVE Hoylux Sportive,visao_simples,HIGH_INDEX,1.74,premium,True,True,True,True,nenhum,True,True,True,True,False,-5.0,4.0,-4.0,0.0,1.0,2.5,3320.0,3320.0,9960.0,ativo,True,True,10
9745ab1d-bdd6-4016-800b-2a459041a103,852e5fb8-8eae-4805-a5cb-a5a1e8638f5c,852e5fb8-8eae-4805-a5cb-a5a1e8638f5c,HOYA SPORTIVE Hoylux Sportive 1.67 BlueControl,SPORTIVE Hoylux Sportive,visao_simples,HIGH_INDEX,1.67,premium,True,True,True,True,nenhum,True,True,True,True,False,-5.0,4.0,-4.0,0.0,1.0,2.5,2672.0,2672.0,8016.0,ativo,True,True,10
87ff9a52-c4e1-43bf-a838-cfa8c3da94c4,852e5fb8-8eae-4805-a5cb-a5a1e8638f5c,852e5fb8-8eae-4805-a5cb-a5a1e8638f5c,HOYA SPORTIVE Hoylux Sportive 1.50 BlueControl,SPORTIVE Hoylux Sportive,visao_simples,TRIVEX,1.50,premium,True,True,True,True,nenhum,True,True,True,True,False,-5.0,4.0,-4.0,0.0,1.0,2.5,2186.0,2186.0,6558.0,ativo,True,True,10
ea429779-17a6-462e-9b8d-4720d8157247,852e5fb8-8eae-4805-a5cb-a5a1e8638f5c,852e5fb8-8eae-4805-a5cb-a5a1e8638f5c,HOYA SPORTIVE Hoylux Sportive 1.50 BlueControl,SPORTIVE Hoylux Sportive,visao_simples,CR39,1.50,premium,True,True,True,True,nenhum,True,True,True,True,False,-5.0,4.0,-4.0,0.0,1.0,2.5,1862.0,1862.0,5586.0,ativo,True,True,10
9c3eec35-e00a-4087-abdf-488b8e8eb10e,852e5fb8-8eae-4805-a5cb-a5a1e8638f5c,852e5fb8-8eae-4805-a5cb-a5a1e8638f5c,HOYA SPORTIVE Hoylux Sportive 1.74 LongLife,SPORTIVE Hoylux Sportive,visao_simples,HIGH_INDEX,1.74,premium,True,True,True,False,nenhum,True,False,True,True,False,-5.0,4.0,-4.0,0.0,1.0,2.5,3320.0,3320.0,9960.0,ativo,True,True,10
c5110b18-8016-4556-bf1a-0119e26b6cd8,852e5fb8-8eae-4805-a5cb-a5a1e8638f5c,852e5fb8-8eae-4805-a5cb-a5a1e8638f5c,HOYA SPORTIVE Hoylux Sportive 1.67 LongLife,SPORTIVE Hoylux Sportive,visao_simples,HIGH_INDEX,1.67,premium,True,True,True,False,nenhum,True,False,True,True,False,-5.0,4.0,-4.0,0.0,1.0,2.5,2672.0,2672.0,8016.0,ativo,True,True,10
1267db92-88f1-425e-8e81-995ba0b0fd06,852e5fb8-8eae-4805-a5cb-a5a1e8638f5c,852e5fb8-8eae-4805-a5cb-a5a1e8638f5c,HOYA SPORTIVE Hoylux Sportive 1.50 LongLife,SPORTIVE Hoylux Sportive,visao_simples,TRIVEX,1.50,premium,True,True,False,False,nenhum,True,False,False,True,False,-5.0,4.0,-4.0,0.0,1.0,2.5,2186.0,2186.0,6558.0,ativo,True,True,10
0db7bb4d-aa2d-431f-b39e-a4317c49fbca,852e5fb8-8eae-4805-a5cb-a5a1e8638f5c,852e5fb8-8eae-4805-a5cb-a5a1e8638f5c,HOYA SPORTIVE Hoylux Sportive 1.50 LongLife,SPORTIVE Hoylux Sportive,visao_simples,CR39,1.50,premium,True,True,False,False,nenhum,True,False,False,True,False,-5.0,4.0,-4.0,0.0,1.0,2.5,1862.0,1862.0,5586.0,ativo,True,True,10
f4996d5b-2b0c-46de-8629-925add95758c,852e5fb8-8eae-4805-a5cb-a5a1e8638f5c,852e5fb8-8eae-4805-a5cb-a5a1e8638f5c,HOYA SPORTIVE Hoylux Sportive 1.74 No-Risk BlueControl,SPORTIVE Hoylux Sportive,visao_simples,HIGH_INDEX,1.74,premium,True,True,True,True,nenhum,True,True,True,True,False,-5.0,4.0,-4.0,0.0,1.0,2.5,3050.0,3050.0,9150.0,ativo,True,True,10
64d06374-0084-4239-acee-c7d4ee8bcd39,852e5fb8-8eae-4805-a5cb-a5a1e8638f5c,852e5fb8-8eae-4805-a5cb-a5a1e8638f5c,HOYA SPORTIVE Hoylux Sportive 1.67 No-Risk BlueControl,SPORTIVE Hoylux Sportive,visao_simples,HIGH_INDEX,1.67,premium,True,True,True,True,nenhum,True,True,True,True,False,-5.0,4.0,-4.0,0.0,1.0,2.5,2402.0,2402.0,7206.0,ativo,True,True,10
06f4561c-2fb8-4a18-8ec2-e62fd10296a4,852e5fb8-8eae-4805-a5cb-a5a1e8638f5c,852e5fb8-8eae-4805-a5cb-a5a1e8638f5c,HOYA SPORTIVE Hoylux Sportive 1.50 No-Risk BlueControl,SPORTIVE Hoylux Sportive,visao_simples,TRIVEX,1.50,premium,True,True,True,True,nenhum,True,True,True,True,False,-5.0,4.0,-4.0,0.0,1.0,2.5,1916.0,1916.0,5748.0,ativo,True,True,10
fd2f4019-cd65-453a-b016-cb00d5227865,852e5fb8-8eae-4805-a5cb-a5a1e8638f5c,852e5fb8-8eae-4805-a5cb-a5a1e8638f5c,HOYA SPORTIVE Hoylux Sportive 1.50 No-Risk BlueControl,SPORTIVE Hoylux Sportive,visao_simples,CR39,1.50,premium,True,True,True,True,nenhum,True,True,True,True,False,-5.0,4.0,-4.0,0.0,1.0,2.5,1592.0,1592.0,4776.0,ativo,True,True,10
a58224fb-3f83-4825-8e2b-253340b676b0,852e5fb8-8eae-4805-a5cb-a5a1e8638f5c,852e5fb8-8eae-4805-a5cb-a5a1e8638f5c,HOYA SPORTIVE Hoylux Sportive 1.74 No-Risk,SPORTIVE Hoylux Sportive,visao_simples,HIGH_INDEX,1.74,premium,False,False,True,False,nenhum,False,False,True,False,False,-5.0,4.0,-4.0,0.0,1.0,2.5,3050.0,3050.0,9150.0,ativo,True,True,10
6db73e4d-ea9a-4719-bcef-1fd6d7062b39,852e5fb8-8eae-4805-a5cb-a5a1e8638f5c,852e5fb8-8eae-4805-a5cb-a5a1e8638f5c,HOYA SPORTIVE Hoylux Sportive 1.67 No-Risk,SPORTIVE Hoylux Sportive,visao_simples,HIGH_INDEX,1.67,premium,False,False,True,False,nenhum,False,False,True,False,False,-5.0,4.0,-4.0,0.0,1.0,2.5,2402.0,2402.0,7206.0,ativo,True,True,10
61ad0b2c-bba4-4234-844a-35d9eb1c366f,852e5fb8-8eae-4805-a5cb-a5a1e8638f5c,852e5fb8-8eae-4805-a5cb-a5a1e8638f5c,HOYA SPORTIVE Hoylux Sportive 1.50 No-Risk,SPORTIVE Hoylux Sportive,visao_simples,TRIVEX,1.50,premium,False,False,False,False,nenhum,False,False,False,False,False,-5.0,4.0,-4.0,0.0,1.0,2.5,1916.0,1916.0,5748.0,ativo,True,True,10
08133fce-4618-4ca0-aeb3-7e6d6bb99c3e,852e5fb8-8eae-4805-a5cb-a5a1e8638f5c,852e5fb8-8eae-4805-a5cb-a5a1e8638f5c,HOYA SPORTIVE Hoylux Sportive 1.50 No-Risk,SPORTIVE Hoylux Sportive,visao_simples,CR39,1.50,premium,False,False,False,False,nenhum,False,False,False,False,False,-5.0,4.0,-4.0,0.0,1.0,2.5,1592.0,1592.0,4776.0,ativo,True,True,10
d5a467c7-3f05-4041-9a6d-bd000149685e,852e5fb8-8eae-4805-a5cb-a5a1e8638f5c,852e5fb8-8eae-4805-a5cb-a5a1e8638f5c,HOYA SPORTIVE Hoylux Sportive 1.74 CleanExtra,SPORTIVE Hoylux Sportive,visao_simples,HIGH_INDEX,1.74,premium,False,False,True,False,nenhum,False,False,True,False,False,-5.0,4.0,-4.0,0.0,1.0,2.5,2672.0,2672.0,8016.0,ativo,True,True,10
d58b35fe-a7b5-4a68-8c1e-56b97e76df8e,852e5fb8-8eae-4805-a5cb-a5a1e8638f5c,852e5fb8-8eae-4805-a5cb-a5a1e8638f5c,HOYA SPORTIVE Hoylux Sportive 1.67 CleanExtra,SPORTIVE Hoylux Sportive,visao_simples,HIGH_INDEX,1.67,premium,False,False,True,False,nenhum,False,False,True,False,False,-5.0,4.0,-4.0,0.0,1.0,2.5,2024.0,2024.0,6072.0,ativo,True,True,10
484fcae3-d449-4972-b707-6a1cf208e7bc,852e5fb8-8eae-4805-a5cb-a5a1e8638f5c,852e5fb8-8eae-4805-a5cb-a5a1e8638f5c,HOYA SPORTIVE Hoylux Sportive 1.50 CleanExtra,SPORTIVE Hoylux Sportive,visao_simples,TRIVEX,1.50,premium,False,False,False,False,nenhum,False,False,False,False,False,-5.0,4.0,-4.0,0.0,1.0,2.5,1538.0,1538.0,4614.0,ativo,True,True,10
e1ab33cd-08a2-4be2-b748-94b2b9d33f49,852e5fb8-8eae-4805-a5cb-a5a1e8638f5c,852e5fb8-8eae-4805-a5cb-a5a1e8638f5c,HOYA SPORTIVE Hoylux Sportive 1.50 CleanExtra,SPORTIVE Hoylux Sportive,visao_simples,CR39,1.50,premium,False,False,False,False,nenhum,False,False,False,False,False,-5.0,4.0,-4.0,0.0,1.0,2.5,1214.0,1214.0,3642.0,ativo,True,True,10
e6358008-5a84-4c2d-8316-59a03b9cb3d4,852e5fb8-8eae-4805-a5cb-a5a1e8638f5c,852e5fb8-8eae-4805-a5cb-a5a1e8638f5c,HOYA SPORTIVE Hoylux Sportive 1.74 Hard,SPORTIVE Hoylux Sportive,visao_simples,HIGH_INDEX,1.74,premium,True,True,True,False,nenhum,True,False,True,True,False,-5.0,4.0,-4.0,0.0,1.0,2.5,2294.0,2294.0,6882.0,ativo,True,True,10
eded7aa6-a06e-46a6-bc69-583b0e5dd106,852e5fb8-8eae-4805-a5cb-a5a1e8638f5c,852e5fb8-8eae-4805-a5cb-a5a1e8638f5c,HOYA SPORTIVE Hoylux Sportive 1.67 Hard,SPORTIVE Hoylux Sportive,visao_simples,HIGH_INDEX,1.67,premium,True,True,True,False,nenhum,True,False,True,True,False,-5.0,4.0,-4.0,0.0,1.0,2.5,1646.0,1646.0,4938.0,ativo,True,True,10
3edc0b54-bb08-41db-bc33-4935c2d09a0e,852e5fb8-8eae-4805-a5cb-a5a1e8638f5c,852e5fb8-8eae-4805-a5cb-a5a1e8638f5c,HOYA SPORTIVE Hoylux Sportive 1.50 Hard,SPORTIVE Hoylux Sportive,visao_simples,TRIVEX,1.50,premium,True,True,False,False,nenhum,True,False,False,True,False,-5.0,4.0,-4.0,0.0,1.0,2.5,1160.0,1160.0,3480.0,ativo,True,True,10
89e5763a-f5d0-4e6c-902e-617afceda94d,852e5fb8-8eae-4805-a5cb-a5a1e8638f5c,852e5fb8-8eae-4805-a5cb-a5a1e8638f5c,HOYA SPORTIVE Hoylux Sportive 1.50 Hard,SPORTIVE Hoylux Sportive,visao_simples,CR39,1.50,premium,True,True,False,False,nenhum,True,False,False,True,False,-5.0,4.0,-4.0,0.0,1.0,2.5,836.0,836.0,2508.0,ativo,True,True,10
1b253166-eb35-4ac9-b312-99e31373e32b,852e5fb8-8eae-4805-a5cb-a5a1e8638f5c,852e5fb8-8eae-4805-a5cb-a5a1e8638f5c,HOYA SPORTIVE Hoylux Sportive 1.61 BlueControl,SPORTIVE Hoylux Sportive,visao_simples,HIGH_INDEX,1.61,premium,True,True,True,True,nenhum,True,True,True,True,False,0.0,-4.0,1.0,2.5,0.0,0.0,3104.0,3104.0,9312.0,ativo,True,True,10
d1af1e97-48b0-4c81-8c44-7cc3c42ca8c2,852e5fb8-8eae-4805-a5cb-a5a1e8638f5c,852e5fb8-8eae-4805-a5cb-a5a1e8638f5c,HOYA SPORTIVE Hoylux Sportive 1.50 BlueControl,SPORTIVE Hoylux Sportive,visao_simples,TRIVEX,1.50,premium,True,True,True,True,nenhum,True,True,True,True,False,0.0,-4.0,1.0,2.5,0.0,0.0,2780.0,2780.0,8340.0,ativo,True,True,10
05f62b47-e80f-497c-8588-f578a654e919,852e5fb8-8eae-4805-a5cb-a5a1e8638f5c,852e5fb8-8eae-4805-a5cb-a5a1e8638f5c,HOYA SPORTIVE Hoylux Sportive 1.61 LongLife,SPORTIVE Hoylux Sportive,visao_simples,HIGH_INDEX,1.61,premium,True,True,True,False,nenhum,True,False,True,True,False,0.0,-4.0,1.0,2.5,0.0,0.0,3104.0,3104.0,9312.0,ativo,True,True,10
486f5d66-4f6d-4719-9fdc-3b84738caca7,852e5fb8-8eae-4805-a5cb-a5a1e8638f5c,852e5fb8-8eae-4805-a5cb-a5a1e8638f5c,HOYA SPORTIVE Hoylux Sportive 1.50 LongLife,SPORTIVE Hoylux Sportive,visao_simples,TRIVEX,1.50,premium,True,True,False,False,nenhum,True,False,False,True,False,0.0,-4.0,1.0,2.5,0.0,0.0,2780.0,2780.0,8340.0,ativo,True,True,10
5023ba75-437e-40c9-ab32-8e44e5f932bb,852e5fb8-8eae-4805-a5cb-a5a1e8638f5c,852e5fb8-8eae-4805-a5cb-a5a1e8638f5c,HOYA SPORTIVE Hoylux Sportive 1.61 No-Risk BlueControl,SPORTIVE Hoylux Sportive,visao_simples,HIGH_INDEX,1.61,premium,True,True,True,True,nenhum,True,True,True,True,False,0.0,-4.0,1.0,2.5,0.0,0.0,2834.0,2834.0,8502.0,ativo,True,True,10
f83157c3-1e94-4b5c-be6e-d4a47a5ac432,852e5fb8-8eae-4805-a5cb-a5a1e8638f5c,852e5fb8-8eae-4805-a5cb-a5a1e8638f5c,HOYA SPORTIVE Hoylux Sportive 1.50 No-Risk BlueControl,SPORTIVE Hoylux Sportive,visao_simples,TRIVEX,1.50,premium,True,True,True,True,nenhum,True,True,True,True,False,0.0,-4.0,1.0,2.5,0.0,0.0,2510.0,2510.0,7530.0,ativo,True,True,10
426ce28d-768d-47c6-bbbc-c324fa1b28ff,852e5fb8-8eae-4805-a5cb-a5a1e8638f5c,852e5fb8-8eae-4805-a5cb-a5a1e8638f5c,HOYA SPORTIVE Hoylux Sportive 1.61 No-Risk,SPORTIVE Hoylux Sportive,visao_simples,HIGH_INDEX,1.61,premium,False,False,True,False,nenhum,False,False,True,False,False,0.0,-4.0,1.0,2.5,0.0,0.0,2456.0,2456.0,7368.0,ativo,True,True,10
a4d082f4-1fac-4c66-bf4f-6890631bcd8c,852e5fb8-8eae-4805-a5cb-a5a1e8638f5c,852e5fb8-8eae-4805-a5cb-a5a1e8638f5c,HOYA SPORTIVE Hoylux Sportive 1.50 No-Risk,SPORTIVE Hoylux Sportive,visao_simples,TRIVEX,1.50,premium,False,False,False,False,nenhum,False,False,False,False,False,0.0,-4.0,1.0,2.5,0.0,0.0,2132.0,2132.0,6396.0,ativo,True,True,10
19f3aedd-abb1-43c2-992e-d1a1038cebc9,852e5fb8-8eae-4805-a5cb-a5a1e8638f5c,852e5fb8-8eae-4805-a5cb-a5a1e8638f5c,HOYA SPORTIVE Hoylux Sportive 1.61 CleanExtra / Hard,SPORTIVE Hoylux Sportive,visao_simples,HIGH_INDEX,1.61,premium,True,True,True,False,nenhum,True,False,True,True,False,0.0,-4.0,1.0,2.5,0.0,0.0,2078.0,2078.0,6234.0,ativo,True,True,10
318e92f2-9442-4d86-aa7e-96410178ec7c,852e5fb8-8eae-4805-a5cb-a5a1e8638f5c,852e5fb8-8eae-4805-a5cb-a5a1e8638f5c,HOYA SPORTIVE Hoylux Sportive 1.50 CleanExtra / Hard,SPORTIVE Hoylux Sportive,visao_simples,TRIVEX,1.50,premium,True,True,False,False,nenhum,True,False,False,True,False,0.0,-4.0,1.0,2.5,0.0,0.0,1754.0,1754.0,5262.0,ativo,True,True,10
4c74ca6e-d15b-46e1-8181-0df2a5fe1ce8,852e5fb8-8eae-4805-a5cb-a5a1e8638f5c,852e5fb8-8eae-4805-a5cb-a5a1e8638f5c,HOYA SPORTIVE Hoylux Sportive 1.61 Sun Pro,SPORTIVE Hoylux Sportive,visao_simples,HIGH_INDEX,1.61,premium,False,False,True,False,nenhum,False,False,True,False,False,0.0,-4.0,1.0,2.5,0.0,0.0,3298.0,3298.0,9894.0,ativo,True,True,10
410b7963-a967-409a-81dd-b42ed5c21841,852e5fb8-8eae-4805-a5cb-a5a1e8638f5c,852e5fb8-8eae-4805-a5cb-a5a1e8638f5c,HOYA SPORTIVE Hoylux Sportive 1.50 Sun Pro,SPORTIVE Hoylux Sportive,visao_simples,TRIVEX,1.50,premium,False,False,False,False,nenhum,False,False,False,False,False,0.0,-4.0,1.0,2.5,0.0,0.0,2488.0,2488.0,7464.0,ativo,True,True,10
2012f26f-47cc-44df-b952-1c037f59e1cc,852e5fb8-8eae-4805-a5cb-a5a1e8638f5c,852e5fb8-8eae-4805-a5cb-a5a1e8638f5c,HOYA SPORTIVE Hoylux Sportive 1.61 BlueControl,SPORTIVE Hoylux Sportive,visao_simples,HIGH_INDEX,1.61,premium,True,True,True,True,nenhum,True,True,True,True,False,0.0,-4.0,1.0,2.5,0.0,0.0,3298.0,3298.0,9894.0,ativo,True,True,10
d2121ffc-26d6-464a-b831-29a1a9a78600,852e5fb8-8eae-4805-a5cb-a5a1e8638f5c,852e5fb8-8eae-4805-a5cb-a5a1e8638f5c,HOYA SPORTIVE Hoylux Sportive 1.50 BlueControl,SPORTIVE Hoylux Sportive,visao_simples,TRIVEX,1.50,premium,True,True,True,True,nenhum,True,True,True,True,False,0.0,-4.0,1.0,2.5,0.0,0.0,2488.0,2488.0,7464.0,ativo,True,True,10
251c66f6-f47b-418c-8f2f-9d0d6789ad21,852e5fb8-8eae-4805-a5cb-a5a1e8638f5c,852e5fb8-8eae-4805-a5cb-a5a1e8638f5c,HOYA SPORTIVE Hoylux Sportive 1.61 LongLife,SPORTIVE Hoylux Sportive,visao_simples,HIGH_INDEX,1.61,premium,True,True,True,False,nenhum,True,False,True,True,False,0.0,-4.0,1.0,2.5,0.0,0.0,3298.0,3298.0,9894.0,ativo,True,True,10
ae1cd50c-374d-48e9-a51b-9556451123f1,852e5fb8-8eae-4805-a5cb-a5a1e8638f5c,852e5fb8-8eae-4805-a5cb-a5a1e8638f5c,HOYA SPORTIVE Hoylux Sportive 1.50 LongLife,SPORTIVE Hoylux Sportive,visao_simples,TRIVEX,1.50,premium,True,True,False,False,nenhum,True,False,False,True,False,0.0,-4.0,1.0,2.5,0.0,0.0,2488.0,2488.0,7464.0,ativo,True,True,10
b096f35b-0e7c-4061-b2d9-7f7c960f7a26,852e5fb8-8eae-4805-a5cb-a5a1e8638f5c,852e5fb8-8eae-4805-a5cb-a5a1e8638f5c,HOYA SPORTIVE Hoylux Sportive 1.61 No-Risk,SPORTIVE Hoylux Sportive,visao_simples,HIGH_INDEX,1.61,premium,False,False,True,False,nenhum,False,False,True,False,False,0.0,-4.0,1.0,2.5,0.0,0.0,3028.0,3028.0,9084.0,ativo,True,True,10
68d95ea9-e44c-4eeb-be9e-2c3f4fbb01b4,852e5fb8-8eae-4805-a5cb-a5a1e8638f5c,852e5fb8-8eae-4805-a5cb-a5a1e8638f5c,HOYA SPORTIVE Hoylux Sportive 1.50 No-Risk,SPORTIVE Hoylux Sportive,visao_simples,TRIVEX,1.50,premium,False,False,False,False,nenhum,False,False,False,False,False,0.0,-4.0,1.0,2.5,0.0,0.0,2218.0,2218.0,6654.0,ativo,True,True,10
bb437d3a-aa48-4da8-94cb-43f1c91d5810,852e5fb8-8eae-4805-a5cb-a5a1e8638f5c,852e5fb8-8eae-4805-a5cb-a5a1e8638f5c,HOYA SPORTIVE Hoylux Sportive 1.61 CleanExtra / Hard,SPORTIVE Hoylux Sportive,visao_simples,HIGH_INDEX,1.61,premium,True,True,True,False,nenhum,True,False,True,True,False,0.0,-4.0,1.0,2.5,0.0,0.0,2650.0,2650.0,7950.0,ativo,True,True,10
c9d92168-3da8-49e1-8941-dd080cb57027,852e5fb8-8eae-4805-a5cb-a5a1e8638f5c,852e5fb8-8eae-4805-a5cb-a5a1e8638f5c,HOYA SPORTIVE Hoylux Sportive 1.50 CleanExtra / Hard,SPORTIVE Hoylux Sportive,visao_simples,TRIVEX,1.50,premium,True,True,False,False,nenhum,True,False,False,True,False,0.0,-4.0,1.0,2.5,0.0,0.0,1840.0,1840.0,5520.0,ativo,True,True,10
6fd0ef9a-0b59-4003-a371-7db5b9e5cf22,852e5fb8-8eae-4805-a5cb-a5a1e8638f5c,852e5fb8-8eae-4805-a5cb-a5a1e8638f5c,HOYA SPORTIVE Hoylux Sportive 1.74 BlueControl,SPORTIVE Hoylux Sportive,visao_simples,HIGH_INDEX,1.74,premium,True,True,True,True,nenhum,True,True,True,True,False,-5.0,4.0,-4.0,0.0,1.0,2.5,3320.0,3320.0,9960.0,ativo,True,True,10
aeb92384-2275-4fa2-9578-164a424e4685,852e5fb8-8eae-4805-a5cb-a5a1e8638f5c,852e5fb8-8eae-4805-a5cb-a5a1e8638f5c,HOYA SPORTIVE Hoylux Sportive 1.67 BlueControl,SPORTIVE Hoylux Sportive,visao_simples,HIGH_INDEX,1.67,premium,True,True,True,True,nenhum,True,True,True,True,False,-5.0,4.0,-4.0,0.0,1.0,2.5,2672.0,2672.0,8016.0,ativo,True,True,10
76c90c96-2f0a-45ee-8b6c-96fb2c0c3b24,852e5fb8-8eae-4805-a5cb-a5a1e8638f5c,852e5fb8-8eae-4805-a5cb-a5a1e8638f5c,HOYA SPORTIVE Hoylux Sportive 1.50 BlueControl,SPORTIVE Hoylux Sportive,visao_simples,TRIVEX,1.50,premium,True,True,True,True,nenhum,True,True,True,True,False,-5.0,4.0,-4.0,0.0,1.0,2.5,2186.0,2186.0,6558.0,ativo,True,True,10
8a784c51-8459-4720-82e7-28eeff7671af,852e5fb8-8eae-4805-a5cb-a5a1e8638f5c,852e5fb8-8eae-4805-a5cb-a5a1e8638f5c,HOYA SPORTIVE Hoylux Sportive 1.50 BlueControl,SPORTIVE Hoylux Sportive,visao_simples,CR39,1.50,premium,True,True,True,True,nenhum,True,True,True,True,False,-5.0,4.0,-4.0,0.0,1.0,2.5,1862.0,1862.0,5586.0,ativo,True,True,10
d29e8bae-c4ce-4f1d-8158-e06daa485d98,852e5fb8-8eae-4805-a5cb-a5a1e8638f5c,852e5fb8-8eae-4805-a5cb-a5a1e8638f5c,HOYA SPORTIVE Hoylux Sportive 1.74 LongLife,SPORTIVE Hoylux Sportive,visao_simples,HIGH_INDEX,1.74,premium,True,True,True,False,nenhum,True,False,True,True,False,-5.0,4.0,-4.0,0.0,1.0,2.5,3320.0,3320.0,9960.0,ativo,True,True,10
06915153-2883-4d3e-a33d-78f710760b36,852e5fb8-8eae-4805-a5cb-a5a1e8638f5c,852e5fb8-8eae-4805-a5cb-a5a1e8638f5c,HOYA SPORTIVE Hoylux Sportive 1.67 LongLife,SPORTIVE Hoylux Sportive,visao_simples,HIGH_INDEX,1.67,premium,True,True,True,False,nenhum,True,False,True,True,False,-5.0,4.0,-4.0,0.0,1.0,2.5,2672.0,2672.0,8016.0,ativo,True,True,10
fe02e3ca-93c0-466d-babc-555498e224ce,852e5fb8-8eae-4805-a5cb-a5a1e8638f5c,852e5fb8-8eae-4805-a5cb-a5a1e8638f5c,HOYA SPORTIVE Hoylux Sportive 1.50 LongLife,SPORTIVE Hoylux Sportive,visao_simples,TRIVEX,1.50,premium,True,True,False,False,nenhum,True,False,False,True,False,-5.0,4.0,-4.0,0.0,1.0,2.5,2186.0,2186.0,6558.0,ativo,True,True,10
68b31aab-a940-4a6d-978c-8b2adf2cba91,852e5fb8-8eae-4805-a5cb-a5a1e8638f5c,852e5fb8-8eae-4805-a5cb-a5a1e8638f5c,HOYA SPORTIVE Hoylux Sportive 1.50 LongLife,SPORTIVE Hoylux Sportive,visao_simples,CR39,1.50,premium,True,True,False,False,nenhum,True,False,False,True,False,-5.0,4.0,-4.0,0.0,1.0,2.5,1862.0,1862.0,5586.0,ativo,True,True,10
d233f39f-5109-4b7c-a1e3-988039a1b38c,852e5fb8-8eae-4805-a5cb-a5a1e8638f5c,852e5fb8-8eae-4805-a5cb-a5a1e8638f5c,HOYA SPORTIVE Hoylux Sportive 1.74 No-Risk BlueControl,SPORTIVE Hoylux Sportive,visao_simples,HIGH_INDEX,1.74,premium,True,True,True,True,nenhum,True,True,True,True,False,-5.0,4.0,-4.0,0.0,1.0,2.5,3050.0,3050.0,9150.0,ativo,True,True,10
33066479-6fec-40e3-92e0-9474060db147,852e5fb8-8eae-4805-a5cb-a5a1e8638f5c,852e5fb8-8eae-4805-a5cb-a5a1e8638f5c,HOYA SPORTIVE Hoylux Sportive 1.67 No-Risk BlueControl,SPORTIVE Hoylux Sportive,visao_simples,HIGH_INDEX,1.67,premium,True,True,True,True,nenhum,True,True,True,True,False,-5.0,4.0,-4.0,0.0,1.0,2.5,2402.0,2402.0,7206.0,ativo,True,True,10
c8c2f1c2-f7ed-444e-863c-03d5e368285f,852e5fb8-8eae-4805-a5cb-a5a1e8638f5c,852e5fb8-8eae-4805-a5cb-a5a1e8638f5c,HOYA SPORTIVE Hoylux Sportive 1.50 No-Risk BlueControl,SPORTIVE Hoylux Sportive,visao_simples,TRIVEX,1.50,premium,True,True,True,True,nenhum,True,True,True,True,False,-5.0,4.0,-4.0,0.0,1.0,2.5,1916.0,1916.0,5748.0,ativo,True,True,10
53a69eb3-2db6-4b5b-a834-20698ba0c8a6,852e5fb8-8eae-4805-a5cb-a5a1e8638f5c,852e5fb8-8eae-4805-a5cb-a5a1e8638f5c,HOYA SPORTIVE Hoylux Sportive 1.50 No-Risk BlueControl,SPORTIVE Hoylux Sportive,visao_simples,CR39,1.50,premium,True,True,True,True,nenhum,True,True,True,True,False,-5.0,4.0,-4.0,0.0,1.0,2.5,1592.0,1592.0,4776.0,ativo,True,True,10
059238c0-451d-443a-a9eb-dcd0581ed113,852e5fb8-8eae-4805-a5cb-a5a1e8638f5c,852e5fb8-8eae-4805-a5cb-a5a1e8638f5c,HOYA SPORTIVE Hoylux Sportive 1.74 No-Risk,SPORTIVE Hoylux Sportive,visao_simples,HIGH_INDEX,1.74,premium,False,False,True,False,nenhum,False,False,True,False,False,-5.0,4.0,-4.0,0.0,1.0,2.5,3050.0,3050.0,9150.0,ativo,True,True,10
6cfe7ce3-4070-4d53-a868-961c438b6215,852e5fb8-8eae-4805-a5cb-a5a1e8638f5c,852e5fb8-8eae-4805-a5cb-a5a1e8638f5c,HOYA SPORTIVE Hoylux Sportive 1.67 No-Risk,SPORTIVE Hoylux Sportive,visao_simples,HIGH_INDEX,1.67,premium,False,False,True,False,nenhum,False,False,True,False,False,-5.0,4.0,-4.0,0.0,1.0,2.5,2402.0,2402.0,7206.0,ativo,True,True,10
e1675f2c-5d38-4d41-a633-3d69557a67ce,852e5fb8-8eae-4805-a5cb-a5a1e8638f5c,852e5fb8-8eae-4805-a5cb-a5a1e8638f5c,HOYA SPORTIVE Hoylux Sportive 1.50 No-Risk,SPORTIVE Hoylux Sportive,visao_simples,TRIVEX,1.50,premium,False,False,False,False,nenhum,False,False,False,False,False,-5.0,4.0,-4.0,0.0,1.0,2.5,1916.0,1916.0,5748.0,ativo,True,True,10
f311e840-789b-4ebf-b89f-e2cfc6e77cb5,852e5fb8-8eae-4805-a5cb-a5a1e8638f5c,852e5fb8-8eae-4805-a5cb-a5a1e8638f5c,HOYA SPORTIVE Hoylux Sportive 1.50 No-Risk,SPORTIVE Hoylux Sportive,visao_simples,CR39,1.50,premium,False,False,False,False,nenhum,False,False,False,False,False,-5.0,4.0,-4.0,0.0,1.0,2.5,1592.0,1592.0,4776.0,ativo,True,True,10
797cdb9e-64e4-45b4-8403-9405278a5107,852e5fb8-8eae-4805-a5cb-a5a1e8638f5c,852e5fb8-8eae-4805-a5cb-a5a1e8638f5c,HOYA SPORTIVE Hoylux Sportive 1.74 CleanExtra / Hard,SPORTIVE Hoylux Sportive,visao_simples,HIGH_INDEX,1.74,premium,True,True,True,False,nenhum,True,False,True,True,False,-5.0,4.0,-4.0,0.0,1.0,2.5,2672.0,2672.0,8016.0,ativo,True,True,10
d090ad08-afcd-4e08-adb3-0ed0e0a9dc88,852e5fb8-8eae-4805-a5cb-a5a1e8638f5c,852e5fb8-8eae-4805-a5cb-a5a1e8638f5c,HOYA SPORTIVE Hoylux Sportive 1.67 CleanExtra / Hard,SPORTIVE Hoylux Sportive,visao_simples,HIGH_INDEX,1.67,premium,True,True,True,False,nenhum,True,False,True,True,False,-5.0,4.0,-4.0,0.0,1.0,2.5,2024.0,2024.0,6072.0,ativo,True,True,10
ffefeb15-044f-4192-bab6-78ee0adf5dcb,852e5fb8-8eae-4805-a5cb-a5a1e8638f5c,852e5fb8-8eae-4805-a5cb-a5a1e8638f5c,HOYA SPORTIVE Hoylux Sportive 1.50 CleanExtra / Hard,SPORTIVE Hoylux Sportive,visao_simples,TRIVEX,1.50,premium,True,True,False,False,nenhum,True,False,False,True,False,-5.0,4.0,-4.0,0.0,1.0,2.5,1538.0,1538.0,4614.0,ativo,True,True,10
f37ae071-6ae4-4451-8b9f-d48387d57ac8,852e5fb8-8eae-4805-a5cb-a5a1e8638f5c,852e5fb8-8eae-4805-a5cb-a5a1e8638f5c,HOYA SPORTIVE Hoylux Sportive 1.50 CleanExtra / Hard,SPORTIVE Hoylux Sportive,visao_simples,CR39,1.50,premium,True,True,False,False,nenhum,True,False,False,True,False,-5.0,4.0,-4.0,0.0,1.0,2.5,1214.0,1214.0,3642.0,ativo,True,True,10
