id,fornecedor_id,marca_id,nome_lente,nome_comercial,tipo_lente,material,indice_refracao,categoria,tratamento_antirreflexo,tratamento_antirrisco,tratamento_uv,tratamento_blue_light,tratamento_fotossensiveis,fotossensivel,ar,blue,uv400,antirrisco,polarizado,esferico_min,esferico_max,cilindrico_min,cilindrico_max,grau_esferico_min,grau_esferico_max,grau_cilindrico_min,grau_cilindrico_max,adicao_min,adicao_max,preco_custo,custo_base,preco_tabela,status,ativo,disponivel,prazo_entrega
927ce0cd-5cdb-43e2-9148-3e62cbebeff0,199bae08-0217-4b70-b054-d3f0960b4a78,57fc0111-0a99-4642-8b66-f1d87a79afce,LT CR 1.49 Incolor,LT CR 1.49 Incolor,visao_simples,CR39,1.50,economica,False,False,False,False,nenhum,nenhum,False,False,False,False,False,-6.0,6.0,-2.0,0.0,-6.0,6.0,-2.0,0.0,0.0,0.0,12.0,12.0,251.2,ativo,True,True,5
7e6cc7e2-32f3-4b78-ba26-17ea22403314,199bae08-0217-4b70-b054-d3f0960b4a78,57fc0111-0a99-4642-8b66-f1d87a79afce,LT CR 1.49 Incolor Cil. Ext.,LT CR 1.49 Incolor Cil. Ext.,visao_simples,CR39,1.50,economica,False,False,False,False,nenhum,nenhum,False,False,False,False,False,-4.0,4.0,-4.0,-2.25,-4.0,4.0,-4.0,-2.25,0.0,0.0,15.5,15.5,251.55,ativo,True,True,5
3215dd58-ce3e-42a8-9b3a-f199d2bf63d0,199bae08-0217-4b70-b054-d3f0960b4a78,57fc0111-0a99-4642-8b66-f1d87a79afce,LT CR AR 1.56,LT CR AR 1.56,visao_simples,CR39,1.56,economica,True,True,False,False,nenhum,nenhum,True,False,False,True,False,-8.0,6.0,-2.0,0.0,-8.0,6.0,-2.0,0.0,0.0,0.0,13.0,13.0,251.3,ativo,True,True,5
d3dcb7a4-2223-4f0d-8204-e7538bb23919,199bae08-0217-4b70-b054-d3f0960b4a78,57fc0111-0a99-4642-8b66-f1d87a79afce,LT CR AR 1.56 Cil. Ext.,LT CR AR 1.56 Cil. Ext.,visao_simples,CR39,1.56,economica,True,True,False,False,nenhum,nenhum,True,False,False,True,False,-6.0,5.0,-5.0,-2.25,-6.0,5.0,-5.0,-2.25,0.0,0.0,17.0,17.0,251.7,ativo,True,True,5
78d909cf-ff08-457d-a070-60219e2353e3,199bae08-0217-4b70-b054-d3f0960b4a78,57fc0111-0a99-4642-8b66-f1d87a79afce,LT CR AR 1.56 Fotossensível,LT CR AR 1.56 Fotossensível,visao_simples,CR39,1.56,economica,True,True,False,False,fotocromático,fotocromático,True,False,False,True,False,-6.0,6.0,-2.0,0.0,-6.0,6.0,-2.0,0.0,0.0,0.0,23.5,23.5,252.35,ativo,True,True,5
631a8438-3d0d-46f5-8814-cd6c76c71a41,199bae08-0217-4b70-b054-d3f0960b4a78,57fc0111-0a99-4642-8b66-f1d87a79afce,LT CR AR 1.56 Fotossensível Cil. Ext.,LT CR AR 1.56 Fotossensível Cil. Ext.,visao_simples,CR39,1.56,economica,True,True,False,False,fotocromático,fotocromático,True,False,False,True,False,-6.0,6.0,-4.0,-2.25,-6.0,6.0,-4.0,-2.25,0.0,0.0,36.5,36.5,253.65,ativo,True,True,5
ebcbde53-20e6-4d78-8fc8-948c0e0dda95,199bae08-0217-4b70-b054-d3f0960b4a78,57fc0111-0a99-4642-8b66-f1d87a79afce,LT CR AR 1.56 Blue (Residual Azul),LT CR AR 1.56 Blue (Residual Azul),visao_simples,CR39,1.56,economica,True,True,True,True,nenhum,nenhum,True,True,True,True,False,-6.0,6.0,-2.0,0.0,-6.0,6.0,-2.0,0.0,0.0,0.0,17.0,17.0,251.7,ativo,True,True,5
c97e9728-f2d8-4ad1-a5dd-193b9e7d65a8,199bae08-0217-4b70-b054-d3f0960b4a78,57fc0111-0a99-4642-8b66-f1d87a79afce,LT CR AR 1.56 Blue Cil. Ext. (Residual Azul),LT CR AR 1.56 Blue Cil. Ext. (Residual Azul),visao_simples,CR39,1.56,economica,True,True,True,True,nenhum,nenhum,True,True,True,True,False,-4.0,4.0,-4.0,-2.25,-4.0,4.0,-4.0,-2.25,0.0,0.0,23.0,23.0,252.3,ativo,True,True,5
205dce65-1cf1-43c7-b9ff-8a5c371bd10e,199bae08-0217-4b70-b054-d3f0960b4a78,57fc0111-0a99-4642-8b66-f1d87a79afce,LT CR AR 1.56 Blue (Residual Verde),LT CR AR 1.56 Blue (Residual Verde),visao_simples,CR39,1.56,economica,True,True,True,True,nenhum,nenhum,True,True,True,True,False,-6.0,6.0,-2.0,0.0,-6.0,6.0,-2.0,0.0,0.0,0.0,17.0,17.0,251.7,ativo,True,True,5
f07e0326-b1ba-4b39-ad5e-4b4a2f8ef108,199bae08-0217-4b70-b054-d3f0960b4a78,57fc0111-0a99-4642-8b66-f1d87a79afce,LT CR AR 1.56 Blue Cil. Ext. (Residual Verde),LT CR AR 1.56 Blue Cil. Ext. (Residual Verde),visao_simples,CR39,1.56,economica,True,True,True,True,nenhum,nenhum,True,True,True,True,False,-6.0,6.0,-4.0,-2.25,-6.0,6.0,-4.0,-2.25,0.0,0.0,23.0,23.0,252.3,ativo,True,True,5
48c37157-ee0c-4662-b11f-59da0874a3ef,199bae08-0217-4b70-b054-d3f0960b4a78,57fc0111-0a99-4642-8b66-f1d87a79afce,LT CR AR 1.56 Blue Foto (Residual Verde),LT CR AR 1.56 Blue Foto (Residual Verde),visao_simples,CR39,1.56,economica,True,True,True,True,fotocromático,fotocromático,True,True,True,True,False,-6.0,6.0,-2.0,0.0,-6.0,6.0,-2.0,0.0,0.0,0.0,46.0,46.0,254.6,ativo,True,True,5
f4625d62-b995-42f6-a0e9-281525dd82b9,199bae08-0217-4b70-b054-d3f0960b4a78,57fc0111-0a99-4642-8b66-f1d87a79afce,LT CR AR 1.56 Blue Foto Cil. Ext. (Residual Verde),LT CR AR 1.56 Blue Foto Cil. Ext. (Residual Verde),visao_simples,CR39,1.56,economica,True,True,True,True,fotocromático,fotocromático,True,True,True,True,False,-4.0,4.0,-4.0,-2.25,-4.0,4.0,-4.0,-2.25,0.0,0.0,62.5,62.5,256.25,ativo,True,True,5
d0fcba61-efff-4bf2-a0cc-265778c65517,199bae08-0217-4b70-b054-d3f0960b4a78,57fc0111-0a99-4642-8b66-f1d87a79afce,LT CR AR 1.56 Blue Foto (Residual Azul),LT CR AR 1.56 Blue Foto (Residual Azul),visao_simples,CR39,1.56,economica,True,True,True,True,fotocromático,fotocromático,True,True,True,True,False,-6.0,6.0,-2.0,0.0,-6.0,6.0,-2.0,0.0,0.0,0.0,45.5,45.5,254.55,ativo,True,True,5
a475e05b-74c2-46e0-918d-e2fa7a72b229,199bae08-0217-4b70-b054-d3f0960b4a78,57fc0111-0a99-4642-8b66-f1d87a79afce,LT CR AR 1.56 Blue Foto Cil. Ext. (Residual Azul),LT CR AR 1.56 Blue Foto Cil. Ext. (Residual Azul),visao_simples,CR39,1.56,economica,True,True,True,True,fotocromático,fotocromático,True,True,True,True,False,-6.0,6.0,-4.0,-2.25,-6.0,6.0,-4.0,-2.25,0.0,0.0,62.5,62.5,256.25,ativo,True,True,5
d2416b7e-d50c-4077-b5f7-ca080d47c470,199bae08-0217-4b70-b054-d3f0960b4a78,57fc0111-0a99-4642-8b66-f1d87a79afce,LT 1.59 Policarbonato Incolor,LT 1.59 Policarbonato Incolor,visao_simples,POLICARBONATO,1.59,economica,False,False,False,False,nenhum,nenhum,False,False,False,False,False,-10.0,6.0,-2.0,0.0,-10.0,6.0,-2.0,0.0,0.0,0.0,19.0,19.0,251.9,ativo,True,True,5
fcc7c0a2-ed23-43a5-9213-0a8aac38295d,199bae08-0217-4b70-b054-d3f0960b4a78,57fc0111-0a99-4642-8b66-f1d87a79afce,LT 1.59 Policarbonato Incolor Cil. Ext.,LT 1.59 Policarbonato Incolor Cil. Ext.,visao_simples,POLICARBONATO,1.59,economica,False,False,False,False,nenhum,nenhum,False,False,False,False,False,-6.0,4.0,-4.0,-2.25,-6.0,4.0,-4.0,-2.25,0.0,0.0,43.0,43.0,254.3,ativo,True,True,5
4fedf87b-2fe4-4b62-a8b5-08ab7474f41b,199bae08-0217-4b70-b054-d3f0960b4a78,57fc0111-0a99-4642-8b66-f1d87a79afce,LT 1.59 Policarbonato AR,LT 1.59 Policarbonato AR,visao_simples,POLICARBONATO,1.59,economica,True,True,False,False,nenhum,nenhum,True,False,False,True,False,-10.0,6.0,-2.0,0.0,-10.0,6.0,-2.0,0.0,0.0,0.0,21.5,21.5,252.15,ativo,True,True,5
072880c9-cf9d-4f34-8896-6ab9e394c046,199bae08-0217-4b70-b054-d3f0960b4a78,57fc0111-0a99-4642-8b66-f1d87a79afce,LT 1.59 Policarbonato AR Cil. Ext.,LT 1.59 Policarbonato AR Cil. Ext.,visao_simples,POLICARBONATO,1.59,economica,True,True,False,False,nenhum,nenhum,True,False,False,True,False,-6.0,6.0,-4.0,-2.25,-6.0,6.0,-4.0,-2.25,0.0,0.0,43.0,43.0,254.3,ativo,True,True,5
f0bb30b6-112a-48bf-b23c-1bfc49fcf4cb,199bae08-0217-4b70-b054-d3f0960b4a78,57fc0111-0a99-4642-8b66-f1d87a79afce,LT 1.59 Policarbonato Blue AR (Residual Verde),LT 1.59 Policarbonato Blue AR (Residual Verde),visao_simples,POLICARBONATO,1.59,economica,True,True,True,True,nenhum,nenhum,True,True,True,True,False,-2.0,2.0,-2.0,0.0,-2.0,2.0,-2.0,0.0,0.0,0.0,41.5,41.5,254.15,ativo,True,True,5
59badb7f-eff7-401f-b40b-9672249eda92,199bae08-0217-4b70-b054-d3f0960b4a78,57fc0111-0a99-4642-8b66-f1d87a79afce,LT 1.59 Policarbonato Blue AR (Residual Azul),LT 1.59 Policarbonato Blue AR (Residual Azul),visao_simples,POLICARBONATO,1.59,economica,True,True,True,True,nenhum,nenhum,True,True,True,True,False,-6.0,6.0,-2.0,0.0,-6.0,6.0,-2.0,0.0,0.0,0.0,41.5,41.5,254.15,ativo,True,True,5
bac129aa-1f32-4751-86c7-710eab835035,199bae08-0217-4b70-b054-d3f0960b4a78,57fc0111-0a99-4642-8b66-f1d87a79afce,LT 1.59 Policarbonato Blue AR Cil. Ext. (Residual Azul),LT 1.59 Policarbonato Blue AR Cil. Ext. (Residual Azul),visao_simples,POLICARBONATO,1.59,economica,True,True,True,True,nenhum,nenhum,True,True,True,True,False,-6.0,6.0,-4.0,-2.25,-6.0,6.0,-4.0,-2.25,0.0,0.0,57.0,57.0,255.7,ativo,True,True,5
7d003b8d-2288-486a-865f-13c8984424ba,199bae08-0217-4b70-b054-d3f0960b4a78,57fc0111-0a99-4642-8b66-f1d87a79afce,LT 1.59 Policarbonato Blue Foto AR (Residual Azul),LT 1.59 Policarbonato Blue Foto AR (Residual Azul),visao_simples,POLICARBONATO,1.59,economica,True,True,True,True,fotocromático,fotocromático,True,True,True,True,False,-6.0,6.0,-2.0,0.0,-6.0,6.0,-2.0,0.0,0.0,0.0,104.0,104.0,312.0,ativo,True,True,5
92b12509-a934-4d42-9b59-76b226604571,199bae08-0217-4b70-b054-d3f0960b4a78,57fc0111-0a99-4642-8b66-f1d87a79afce,LT 1.59 Policarbonato Blue Foto AR Cil. Ext. (Residual Azul),LT 1.59 Policarbonato Blue Foto AR Cil. Ext. (Residual Azul),visao_simples,POLICARBONATO,1.59,economica,True,True,True,True,fotocromático,fotocromático,True,True,True,True,False,-6.0,6.0,-4.0,-2.25,-6.0,6.0,-4.0,-2.25,0.0,0.0,113.0,113.0,339.0,ativo,True,True,5
f22290af-353e-4888-8370-45faea7657d8,199bae08-0217-4b70-b054-d3f0960b4a78,57fc0111-0a99-4642-8b66-f1d87a79afce,LT 1.59 Policarbonato Blue AR (Residual Verde),LT 1.59 Policarbonato Blue AR (Residual Verde),visao_simples,POLICARBONATO,1.59,economica,True,True,True,True,nenhum,nenhum,True,True,True,True,False,-2.0,2.0,-2.0,0.0,-2.0,2.0,-2.0,0.0,0.0,0.0,41.5,41.5,254.15,ativo,True,True,5
c41f453f-de79-4c5e-83b0-4e1049f3fb6e,199bae08-0217-4b70-b054-d3f0960b4a78,57fc0111-0a99-4642-8b66-f1d87a79afce,LT 1.59 Policarbonato Blue AR (Residual Azul),LT 1.59 Policarbonato Blue AR (Residual Azul),visao_simples,POLICARBONATO,1.59,economica,True,True,True,True,nenhum,nenhum,True,True,True,True,False,-6.0,6.0,-2.0,0.0,-6.0,6.0,-2.0,0.0,0.0,0.0,41.5,41.5,254.15,ativo,True,True,5
d8cacb22-8963-48a8-9151-28765b22de9a,199bae08-0217-4b70-b054-d3f0960b4a78,57fc0111-0a99-4642-8b66-f1d87a79afce,LT 1.59 Policarbonato Blue AR Cil. Ext. (Residual Azul),LT 1.59 Policarbonato Blue AR Cil. Ext. (Residual Azul),visao_simples,POLICARBONATO,1.59,economica,True,True,True,True,nenhum,nenhum,True,True,True,True,False,-6.0,6.0,-4.0,-2.25,-6.0,6.0,-4.0,-2.25,0.0,0.0,57.0,57.0,255.7,ativo,True,True,5
5f4cc172-6790-418f-8e31-628e1905f4d6,199bae08-0217-4b70-b054-d3f0960b4a78,57fc0111-0a99-4642-8b66-f1d87a79afce,LT 1.59 Policarbonato Blue Foto AR (Residual Azul),LT 1.59 Policarbonato Blue Foto AR (Residual Azul),visao_simples,POLICARBONATO,1.59,economica,True,True,True,True,fotocromático,fotocromático,True,True,True,True,False,-6.0,6.0,-2.0,0.0,-6.0,6.0,-2.0,0.0,0.0,0.0,104.0,104.0,312.0,ativo,True,True,5
468357de-a7aa-4da6-a5de-45716b48e1c5,199bae08-0217-4b70-b054-d3f0960b4a78,57fc0111-0a99-4642-8b66-f1d87a79afce,LT 1.59 Policarbonato Blue Foto AR Cil. Ext. (Residual Azul),LT 1.59 Policarbonato Blue Foto AR Cil. Ext. (Residual Azul),visao_simples,POLICARBONATO,1.59,economica,True,True,True,True,fotocromático,fotocromático,True,True,True,True,False,-6.0,6.0,-4.0,-2.25,-6.0,6.0,-4.0,-2.25,0.0,0.0,113.0,113.0,339.0,ativo,True,True,5
394d2cdf-5cac-471e-8248-b0f9171c78e8,199bae08-0217-4b70-b054-d3f0960b4a78,57fc0111-0a99-4642-8b66-f1d87a79afce,LT 1.67 AR (Residual Verde),LT 1.67 AR (Residual Verde),visao_simples,HIGH_INDEX,1.67,economica,True,True,True,False,nenhum,nenhum,True,False,True,True,False,-10.0,6.0,-2.0,0.0,-10.0,6.0,-2.0,0.0,0.0,0.0,72.0,72.0,257.2,ativo,True,True,5
6cb9d2f7-94b6-4b97-b775-a5e6ee657e92,199bae08-0217-4b70-b054-d3f0960b4a78,57fc0111-0a99-4642-8b66-f1d87a79afce,LT 1.67 AR Cil. Ext. (Residual Verde),LT 1.67 AR Cil. Ext. (Residual Verde),visao_simples,HIGH_INDEX,1.67,economica,True,True,True,False,nenhum,nenhum,True,False,True,True,False,-10.0,6.0,-4.0,-2.25,-10.0,6.0,-4.0,-2.25,0.0,0.0,100.0,100.0,300.0,ativo,True,True,5
dc92a6c1-965c-4a6c-8c80-520f7b0f70c0,199bae08-0217-4b70-b054-d3f0960b4a78,57fc0111-0a99-4642-8b66-f1d87a79afce,LT 1.67 Blue AR (Residual Azul),LT 1.67 Blue AR (Residual Azul),visao_simples,HIGH_INDEX,1.67,economica,True,True,True,True,nenhum,nenhum,True,True,True,True,False,-10.0,6.0,-2.0,0.0,-10.0,6.0,-2.0,0.0,0.0,0.0,100.0,100.0,300.0,ativo,True,True,5
94491e4f-9b92-4088-bb24-edb681f2c99d,199bae08-0217-4b70-b054-d3f0960b4a78,57fc0111-0a99-4642-8b66-f1d87a79afce,LT 1.67 Blue AR Cil. Ext. (Residual Azul),LT 1.67 Blue AR Cil. Ext. (Residual Azul),visao_simples,HIGH_INDEX,1.67,economica,True,True,True,True,nenhum,nenhum,True,True,True,True,False,-10.0,6.0,-4.0,-2.25,-10.0,6.0,-4.0,-2.25,0.0,0.0,195.0,195.0,585.0,ativo,True,True,5
93b26723-66b6-4edd-9de0-d56fb7674c10,199bae08-0217-4b70-b054-d3f0960b4a78,57fc0111-0a99-4642-8b66-f1d87a79afce,LT 1.67 Foto Blue AR (Residual Azul),LT 1.67 Foto Blue AR (Residual Azul),visao_simples,HIGH_INDEX,1.67,economica,True,True,True,True,fotocromático,fotocromático,True,True,True,True,False,-2.0,-10.0,-2.0,0.0,-2.0,-10.0,-2.0,0.0,0.0,0.0,180.0,180.0,540.0,ativo,True,True,5
605b900d-ffd8-4956-a81c-3dd4bfce5b76,199bae08-0217-4b70-b054-d3f0960b4a78,57fc0111-0a99-4642-8b66-f1d87a79afce,LT 1.67 Foto Blue AR Cil. Ext. (Residual Azul),LT 1.67 Foto Blue AR Cil. Ext. (Residual Azul),visao_simples,HIGH_INDEX,1.67,economica,True,True,True,True,fotocromático,fotocromático,True,True,True,True,False,-2.0,-10.0,-4.0,-2.25,-2.0,-10.0,-4.0,-2.25,0.0,0.0,210.0,210.0,630.0,ativo,True,True,5
dcb2f9e5-2239-4a89-82cf-bfe66428b808,199bae08-0217-4b70-b054-d3f0960b4a78,57fc0111-0a99-4642-8b66-f1d87a79afce,LT 1.70 Blue AR (Residual Verde) * 1.50,LT 1.70 Blue AR (Residual Verde) *,visao_simples,CR39,1.50,economica,True,True,True,True,nenhum,nenhum,True,True,True,True,False,-3.0,-12.0,-2.0,0.0,-3.0,-12.0,-2.0,0.0,0.0,0.0,175.0,175.0,525.0,ativo,True,True,5
39c36a64-a881-4e9d-b9cd-457f3945df36,199bae08-0217-4b70-b054-d3f0960b4a78,57fc0111-0a99-4642-8b66-f1d87a79afce,LT 1.70 Blue AR (Residual Verde) * 1.50,LT 1.70 Blue AR (Residual Verde) *,visao_simples,CR39,1.50,economica,True,True,True,True,nenhum,nenhum,True,True,True,True,False,-12.5,-18.0,-2.0,0.0,-12.5,-18.0,-2.0,0.0,0.0,0.0,185.0,185.0,555.0,ativo,True,True,5
37b78314-c873-4dbb-a8b6-fefab86a2b8c,199bae08-0217-4b70-b054-d3f0960b4a78,57fc0111-0a99-4642-8b66-f1d87a79afce,LT 1.70 Blue AR (Residual Verde) * 1.50,LT 1.70 Blue AR (Residual Verde) *,visao_simples,CR39,1.50,economica,True,True,True,True,nenhum,nenhum,True,True,True,True,False,-18.25,-24.0,0.0,0.0,-18.25,-24.0,0.0,0.0,0.0,0.0,185.0,185.0,555.0,ativo,True,True,5
737ef94d-b978-463e-a0d9-f91232da86d2,199bae08-0217-4b70-b054-d3f0960b4a78,57fc0111-0a99-4642-8b66-f1d87a79afce,LT 1.74 AR *,LT 1.74 AR *,visao_simples,HIGH_INDEX,1.74,economica,True,True,True,False,nenhum,nenhum,True,False,True,True,False,-3.0,-14.5,-2.0,0.0,-3.0,-14.5,-2.0,0.0,0.0,0.0,240.0,240.0,720.0,ativo,True,True,5
1601b476-a5f6-4a0b-9e2b-5ef61e486a3d,199bae08-0217-4b70-b054-d3f0960b4a78,57fc0111-0a99-4642-8b66-f1d87a79afce,LT 1.74 AR Cil. Ext. *,LT 1.74 AR Cil. Ext. *,visao_simples,HIGH_INDEX,1.74,economica,True,True,True,False,nenhum,nenhum,True,False,True,True,False,-3.0,-10.0,-4.0,-2.25,-3.0,-10.0,-4.0,-2.25,0.0,0.0,300.0,300.0,900.0,ativo,True,True,5
cb442efd-0ea5-4d12-ab4e-1a21c257fbce,199bae08-0217-4b70-b054-d3f0960b4a78,57fc0111-0a99-4642-8b66-f1d87a79afce,LT 1.74 Blue AR (Residual Azul) *,LT 1.74 Blue AR (Residual Azul) *,visao_simples,HIGH_INDEX,1.74,economica,True,True,True,True,nenhum,nenhum,True,True,True,True,False,-6.0,-10.0,-3.0,0.0,-6.0,-10.0,-3.0,0.0,0.0,0.0,420.0,420.0,1260.0,ativo,True,True,5
84c9bca2-731a-4fde-b48a-15548acbd03d,199bae08-0217-4b70-b054-d3f0960b4a78,57fc0111-0a99-4642-8b66-f1d87a79afce,LT 1.74 Blue AR Cil. Ext. (Residual Azul) *,LT 1.74 Blue AR Cil. Ext. (Residual Azul) *,visao_simples,HIGH_INDEX,1.74,economica,True,True,True,True,nenhum,nenhum,True,True,True,True,False,0.25,6.0,-4.0,0.0,0.25,6.0,-4.0,0.0,0.0,0.0,420.0,420.0,1260.0,ativo,True,True,5
981fc81f-68f2-4c12-b250-91af0a4addea,199bae08-0217-4b70-b054-d3f0960b4a78,57fc0111-0a99-4642-8b66-f1d87a79afce,Visão Simples CR (NÃO TINTÁVEL) 1.50,Visão Simples CR (NÃO TINTÁVEL),visao_simples,CR39,1.50,economica,False,False,False,False,nenhum,nenhum,False,False,False,False,False,-6.0,6.0,-4.0,0.0,-6.0,6.0,-4.0,0.0,0.0,0.0,40.0,40.0,254.0,ativo,True,True,5
3da63ef3-4177-48d2-b2f7-9b78823b737b,199bae08-0217-4b70-b054-d3f0960b4a78,57fc0111-0a99-4642-8b66-f1d87a79afce,Visão Simples CR Plus (TINTÁVEL) 1.50,Visão Simples CR Plus (TINTÁVEL),visao_simples,CR39,1.50,economica,False,False,False,False,nenhum,nenhum,False,False,False,False,False,-10.0,10.0,-6.0,0.0,-10.0,10.0,-6.0,0.0,0.0,0.0,50.0,50.0,255.0,ativo,True,True,5
0c33be79-346c-4eab-af94-7b508be49cab,199bae08-0217-4b70-b054-d3f0960b4a78,57fc0111-0a99-4642-8b66-f1d87a79afce,Visão Simples CR C/ AR Externo (Residual Verde) 1.56,Visão Simples CR C/ AR Externo (Residual Verde),visao_simples,CR39,1.56,economica,True,True,False,False,nenhum,nenhum,True,False,False,True,False,-4.0,8.0,-4.0,0.0,-4.0,8.0,-4.0,0.0,0.0,0.0,60.0,60.0,256.0,ativo,True,True,5
92874e5b-6f0d-4fac-a566-84a81449a29e,199bae08-0217-4b70-b054-d3f0960b4a78,57fc0111-0a99-4642-8b66-f1d87a79afce,Visão Simples CR Bluecut 1.56,Visão Simples CR Bluecut,visao_simples,CR39,1.56,economica,False,False,True,True,nenhum,nenhum,False,True,True,False,False,-8.0,8.0,-4.0,0.0,-8.0,8.0,-4.0,0.0,0.0,0.0,55.0,55.0,255.5,ativo,True,True,5
cdfb0655-5e43-4b6d-9f5f-7a4ffc38c06d,199bae08-0217-4b70-b054-d3f0960b4a78,57fc0111-0a99-4642-8b66-f1d87a79afce,Visão Simples CR Bluecut C/ AR Ext. (Residual Azul) 1.56,Visão Simples CR Bluecut C/ AR Ext. (Residual Azul),visao_simples,CR39,1.56,economica,True,True,True,True,nenhum,nenhum,True,True,True,True,False,-6.0,8.0,-4.0,0.0,-6.0,8.0,-4.0,0.0,0.0,0.0,75.0,75.0,257.5,ativo,True,True,5
6b71ba01-5184-42ad-adc2-e26a64e80807,199bae08-0217-4b70-b054-d3f0960b4a78,57fc0111-0a99-4642-8b66-f1d87a79afce,Visão Simples CR Bluecut C/ AR Ext. (Residual Verde) 1.56,Visão Simples CR Bluecut C/ AR Ext. (Residual Verde),visao_simples,CR39,1.56,economica,True,True,True,True,nenhum,nenhum,True,True,True,True,False,-6.0,8.0,-4.0,0.0,-6.0,8.0,-4.0,0.0,0.0,0.0,75.0,75.0,257.5,ativo,True,True,5
4ce30146-977a-42c5-a989-56503ddb448b,199bae08-0217-4b70-b054-d3f0960b4a78,57fc0111-0a99-4642-8b66-f1d87a79afce,Visão Simples CR Photo 1.56,Visão Simples CR Photo,visao_simples,CR39,1.56,economica,False,False,False,False,fotocromático,fotocromático,False,False,False,False,False,-6.0,6.0,-4.0,0.0,-6.0,6.0,-4.0,0.0,0.0,0.0,50.0,50.0,255.0,ativo,True,True,5
22238ccb-e083-4ebe-8777-e6d8ee89daf9,199bae08-0217-4b70-b054-d3f0960b4a78,57fc0111-0a99-4642-8b66-f1d87a79afce,Visão Simples CR Photo Plus 1.56,Visão Simples CR Photo Plus,visao_simples,CR39,1.56,economica,False,False,False,False,fotocromático,fotocromático,False,False,False,False,False,-8.0,8.0,-4.0,0.0,-8.0,8.0,-4.0,0.0,0.0,0.0,65.0,65.0,256.5,ativo,True,True,5
2a10a2a7-bb66-4261-8366-bdb78834194f,199bae08-0217-4b70-b054-d3f0960b4a78,57fc0111-0a99-4642-8b66-f1d87a79afce,Visão Simples CR Photo C/ AR Ext. (Residual Azul) 1.56,Visão Simples CR Photo C/ AR Ext. (Residual Azul),visao_simples,CR39,1.56,economica,True,True,False,False,fotocromático,fotocromático,True,False,False,True,False,-8.0,8.0,-4.0,0.0,-8.0,8.0,-4.0,0.0,0.0,0.0,70.0,70.0,257.0,ativo,True,True,5
3acd0e5b-88af-412f-bd03-ced92dd0f38c,199bae08-0217-4b70-b054-d3f0960b4a78,57fc0111-0a99-4642-8b66-f1d87a79afce,Visão Simples CR Photo C/ AR Ext. (Residual Verde) 1.56,Visão Simples CR Photo C/ AR Ext. (Residual Verde),visao_simples,CR39,1.56,economica,True,True,False,False,fotocromático,fotocromático,True,False,False,True,False,-8.0,8.0,-4.0,0.0,-8.0,8.0,-4.0,0.0,0.0,0.0,70.0,70.0,257.0,ativo,True,True,5
d6dd8a12-b5f5-4cad-8e59-dd38f91a3ba8,199bae08-0217-4b70-b054-d3f0960b4a78,57fc0111-0a99-4642-8b66-f1d87a79afce,Visão Simples CR Photo Bluecut 1.56,Visão Simples CR Photo Bluecut,visao_simples,CR39,1.56,economica,False,False,True,True,fotocromático,fotocromático,False,True,True,False,False,-8.0,8.0,-4.0,0.0,-8.0,8.0,-4.0,0.0,0.0,0.0,105.0,105.0,315.0,ativo,True,True,5
1784b4d8-7d20-4621-b130-953ee4027245,199bae08-0217-4b70-b054-d3f0960b4a78,57fc0111-0a99-4642-8b66-f1d87a79afce,VS. CR Photo Bluecut C/ AR Ext. (Residual Azul) 1.56,VS. CR Photo Bluecut C/ AR Ext. (Residual Azul),visao_simples,CR39,1.56,economica,True,True,True,True,fotocromático,fotocromático,True,True,True,True,False,-8.0,8.0,-4.0,0.0,-8.0,8.0,-4.0,0.0,0.0,0.0,110.0,110.0,330.0,ativo,True,True,5
e573c936-c470-42df-8a6c-933cb369bcf4,199bae08-0217-4b70-b054-d3f0960b4a78,57fc0111-0a99-4642-8b66-f1d87a79afce,Visão Simples CR Transitions GEN8 Blue UV 1.50,Visão Simples CR Transitions GEN8 Blue UV,visao_simples,CR39,1.50,economica,False,False,True,True,transitions,transitions,False,True,True,False,False,-10.0,10.0,-6.0,0.0,-10.0,10.0,-6.0,0.0,0.0,0.0,220.0,220.0,660.0,ativo,True,True,5
df9b6bbd-546d-4d32-9883-8a409545ef62,199bae08-0217-4b70-b054-d3f0960b4a78,57fc0111-0a99-4642-8b66-f1d87a79afce,Visão Simples Policarbonato 1.59,Visão Simples Policarbonato,visao_simples,POLICARBONATO,1.59,economica,False,False,False,False,nenhum,nenhum,False,False,False,False,False,-12.0,8.0,-6.0,0.0,-12.0,8.0,-6.0,0.0,0.0,0.0,130.0,130.0,390.0,ativo,True,True,5
ba46956c-474f-4dbd-bce9-328b29b82116,199bae08-0217-4b70-b054-d3f0960b4a78,57fc0111-0a99-4642-8b66-f1d87a79afce,Visão Simples Policarbonato Photo 1.59,Visão Simples Policarbonato Photo,visao_simples,POLICARBONATO,1.59,economica,False,False,False,False,fotocromático,fotocromático,False,False,False,False,False,-10.0,6.0,-4.0,0.0,-10.0,6.0,-4.0,0.0,0.0,0.0,230.0,230.0,690.0,ativo,True,True,5
ef353285-b43a-4863-9cf0-0c2fdde6edbc,199bae08-0217-4b70-b054-d3f0960b4a78,57fc0111-0a99-4642-8b66-f1d87a79afce,Visão Simples Policarbonato Transitions GEN8 Blue UV 1.59,Visão Simples Policarbonato Transitions GEN8 Blue UV,visao_simples,POLICARBONATO,1.59,economica,False,False,True,True,transitions,transitions,False,True,True,False,False,-12.0,8.0,-6.0,0.0,-12.0,8.0,-6.0,0.0,0.0,0.0,420.0,420.0,1260.0,ativo,True,True,5
d5ab6c20-f2cf-454e-b560-9b3879123607,199bae08-0217-4b70-b054-d3f0960b4a78,57fc0111-0a99-4642-8b66-f1d87a79afce,Visão Simples 1.67,Visão Simples 1.67,visao_simples,HIGH_INDEX,1.67,economica,False,False,True,False,nenhum,nenhum,False,False,True,False,False,-16.0,10.0,-4.0,0.0,-16.0,10.0,-4.0,0.0,0.0,0.0,230.0,230.0,690.0,ativo,True,True,5
becf242f-9116-4495-80a1-bd169a9c2db1,199bae08-0217-4b70-b054-d3f0960b4a78,57fc0111-0a99-4642-8b66-f1d87a79afce,Visão Simples 1.67 Bluecut,Visão Simples 1.67 Bluecut,visao_simples,HIGH_INDEX,1.67,economica,False,False,True,True,nenhum,nenhum,False,True,True,False,False,-12.0,10.0,-6.0,0.0,-12.0,10.0,-6.0,0.0,0.0,0.0,250.0,250.0,750.0,ativo,True,True,5
63cc4148-8e23-4a1a-989a-bb7541f020a4,199bae08-0217-4b70-b054-d3f0960b4a78,57fc0111-0a99-4642-8b66-f1d87a79afce,Visão Simples 1.67 Photo,Visão Simples 1.67 Photo,visao_simples,HIGH_INDEX,1.67,economica,False,False,True,False,fotocromático,fotocromático,False,False,True,False,False,-12.0,10.0,-6.0,0.0,-12.0,10.0,-6.0,0.0,0.0,0.0,350.0,350.0,1050.0,ativo,True,True,5
784c032c-b046-4b03-a48d-5278458db26e,199bae08-0217-4b70-b054-d3f0960b4a78,57fc0111-0a99-4642-8b66-f1d87a79afce,Visão Simples 1.67 Photo Bluecut,Visão Simples 1.67 Photo Bluecut,visao_simples,HIGH_INDEX,1.67,economica,False,False,True,True,fotocromático,fotocromático,False,True,True,False,False,-12.0,7.5,-6.0,0.0,-12.0,7.5,-6.0,0.0,0.0,0.0,400.0,400.0,1200.0,ativo,True,True,5
290e6c42-f3c7-4166-a48b-2f1afd090852,199bae08-0217-4b70-b054-d3f0960b4a78,57fc0111-0a99-4642-8b66-f1d87a79afce,Visão Simples 1.67 Transitions GEN8 Blue UV,Visão Simples 1.67 Transitions GEN8 Blue UV,visao_simples,HIGH_INDEX,1.67,economica,False,False,True,True,transitions,transitions,False,True,True,False,False,-14.0,10.0,-6.0,0.0,-14.0,10.0,-6.0,0.0,0.0,0.0,1600.0,1600.0,4800.0,ativo,True,True,5
c84e802f-1595-427c-933b-4e8b0f2bde73,199bae08-0217-4b70-b054-d3f0960b4a78,57fc0111-0a99-4642-8b66-f1d87a79afce,Visão Simples 1.74 Incolor,Visão Simples 1.74 Incolor,visao_simples,HIGH_INDEX,1.74,economica,False,False,True,False,nenhum,nenhum,False,False,True,False,False,-25.0,13.0,-4.0,0.0,-25.0,13.0,-4.0,0.0,0.0,0.0,550.0,550.0,1650.0,ativo,True,True,5
e3c0f121-6fe5-4ef3-b215-a5124e4a07e3,199bae08-0217-4b70-b054-d3f0960b4a78,57fc0111-0a99-4642-8b66-f1d87a79afce,Multifocal CR 1.499,Multifocal CR 1.499,multifocal,CR39,1.50,economica,False,False,False,False,nenhum,nenhum,False,False,False,False,False,0.0,3.0,0.0,0.0,0.0,3.0,0.0,0.0,1.0,3.0,22.5,22.5,252.25,ativo,True,True,5
785598c5-3ccc-4da4-a09b-b7f69918cff9,199bae08-0217-4b70-b054-d3f0960b4a78,57fc0111-0a99-4642-8b66-f1d87a79afce,Multifocal 1.56 C/AR (Residual Verde),Multifocal 1.56 C/AR (Residual Verde),multifocal,CR39,1.56,economica,True,True,False,False,nenhum,nenhum,True,False,False,True,False,-3.0,3.0,0.0,0.0,-3.0,3.0,0.0,0.0,1.0,3.0,27.0,27.0,252.7,ativo,True,True,5
e2c2d804-4051-4fee-8253-d5d1c4e89fc9,199bae08-0217-4b70-b054-d3f0960b4a78,57fc0111-0a99-4642-8b66-f1d87a79afce,Multifocal 1.56 Photo C/AR (Residual Verde),Multifocal 1.56 Photo C/AR (Residual Verde),multifocal,CR39,1.56,economica,True,True,False,False,fotocromático,fotocromático,True,False,False,True,False,-3.0,3.0,0.0,0.0,-3.0,3.0,0.0,0.0,1.0,3.0,45.0,45.0,254.5,ativo,True,True,5
af58c9c0-dda4-4e27-a125-50a4910a34c9,199bae08-0217-4b70-b054-d3f0960b4a78,57fc0111-0a99-4642-8b66-f1d87a79afce,Multifocal 1.56 Bluecut C/AR (Residual Azul),Multifocal 1.56 Bluecut C/AR (Residual Azul),multifocal,CR39,1.56,economica,True,True,True,True,nenhum,nenhum,True,True,True,True,False,0.0,3.0,0.0,0.0,0.0,3.0,0.0,0.0,1.0,3.0,40.0,40.0,254.0,ativo,True,True,5
224d9a37-c791-413e-835f-8e0037ab0f4c,199bae08-0217-4b70-b054-d3f0960b4a78,57fc0111-0a99-4642-8b66-f1d87a79afce,Multifocal 1.56 Photo Bluecut C/AR (Residual Azul),Multifocal 1.56 Photo Bluecut C/AR (Residual Azul),multifocal,CR39,1.56,economica,True,True,True,True,fotocromático,fotocromático,True,True,True,True,False,0.0,3.0,0.0,0.0,0.0,3.0,0.0,0.0,1.0,3.0,57.0,57.0,255.7,ativo,True,True,5
45c13ab0-76cd-4d4e-8b5b-429829733fae,199bae08-0217-4b70-b054-d3f0960b4a78,57fc0111-0a99-4642-8b66-f1d87a79afce,Multifocal CR Plus (NÃO TINTÁVEL) 1.56,Multifocal CR Plus (NÃO TINTÁVEL),multifocal,CR39,1.56,economica,False,False,False,False,nenhum,nenhum,False,False,False,False,False,-4.0,6.0,-4.0,0.0,-4.0,6.0,-4.0,0.0,1.0,3.5,50.0,50.0,255.0,ativo,True,True,5
ae32721c-8019-42e2-9e68-dd6fc56d8970,199bae08-0217-4b70-b054-d3f0960b4a78,57fc0111-0a99-4642-8b66-f1d87a79afce,Multifocal Incolor Importado HD (TINTÁVEL) 1.50,Multifocal Incolor Importado HD (TINTÁVEL),multifocal,CR39,1.50,economica,False,False,False,False,nenhum,nenhum,False,False,False,False,False,-6.0,6.0,-4.0,0.0,-6.0,6.0,-4.0,0.0,1.0,3.5,55.0,55.0,255.5,ativo,True,True,5
5aac1eda-ab7d-42e8-b66c-209938b9a691,199bae08-0217-4b70-b054-d3f0960b4a78,57fc0111-0a99-4642-8b66-f1d87a79afce,Multifocal Incolor AO Compact (TINTÁVEL) 1.50,Multifocal Incolor AO Compact (TINTÁVEL),multifocal,CR39,1.50,economica,False,False,False,False,nenhum,nenhum,False,False,False,False,False,-6.0,6.0,-4.0,0.0,-6.0,6.0,-4.0,0.0,1.0,3.5,60.0,60.0,256.0,ativo,True,True,5
9545bd4e-8fbc-4a7b-b3e6-181abc402efd,199bae08-0217-4b70-b054-d3f0960b4a78,3f70213e-0b45-4f42-907a-28f7e7ac51c0,Multifocal CR SYGMA Premium (Campo Visual Varilux Comfort) 1.56,Multifocal CR SYGMA Premium (Campo Visual Varilux Comfort),multifocal,CR39,1.56,premium,False,False,False,False,nenhum,nenhum,False,False,False,False,False,-6.0,6.0,-4.0,0.0,-6.0,6.0,-4.0,0.0,1.0,3.5,100.0,100.0,300.0,ativo,True,True,5
68bb8209-13bb-4439-afa5-8c20f14c1b21,199bae08-0217-4b70-b054-d3f0960b4a78,57fc0111-0a99-4642-8b66-f1d87a79afce,Multifocal CR SOLAMAX (TINTÁVEL) 1.50,Multifocal CR SOLAMAX (TINTÁVEL),multifocal,CR39,1.50,economica,False,False,False,False,nenhum,nenhum,False,False,False,False,False,-6.0,6.0,-4.0,0.0,-6.0,6.0,-4.0,0.0,1.0,3.0,110.0,110.0,330.0,ativo,True,True,5
17a7d9e6-3192-4814-b2e0-15ec8705389f,199bae08-0217-4b70-b054-d3f0960b4a78,3f70213e-0b45-4f42-907a-28f7e7ac51c0,Multifocal SIR (TINTÁVEL) (Campo Visual Varilux Physio) 1.50,Multifocal SIR (TINTÁVEL) (Campo Visual Varilux Physio),multifocal,CR39,1.50,premium,False,False,False,False,nenhum,nenhum,False,False,False,False,False,-6.0,6.0,-4.0,0.0,-6.0,6.0,-4.0,0.0,1.0,3.5,120.0,120.0,360.0,ativo,True,True,5
774dc83a-b4a6-4421-ae34-d98a4c57a449,199bae08-0217-4b70-b054-d3f0960b4a78,57fc0111-0a99-4642-8b66-f1d87a79afce,Multifocal CR C/ AR Externo (Residual Verde) 1.56,Multifocal CR C/ AR Externo (Residual Verde),multifocal,CR39,1.56,economica,True,True,False,False,nenhum,nenhum,True,False,False,True,False,-6.0,6.0,-4.0,0.0,-6.0,6.0,-4.0,0.0,1.0,3.5,65.0,65.0,256.5,ativo,True,True,5
8f4a03e0-4983-4372-98ba-8977b4e62d1b,199bae08-0217-4b70-b054-d3f0960b4a78,57fc0111-0a99-4642-8b66-f1d87a79afce,Multifocal CR Plus Bluecut 1.56,Multifocal CR Plus Bluecut,multifocal,CR39,1.56,economica,False,False,True,True,nenhum,nenhum,False,True,True,False,False,-5.0,6.0,-4.0,0.0,-5.0,6.0,-4.0,0.0,1.0,3.5,60.0,60.0,256.0,ativo,True,True,5
f8902587-8ed9-490a-8adf-24738d7938bb,199bae08-0217-4b70-b054-d3f0960b4a78,57fc0111-0a99-4642-8b66-f1d87a79afce,Multifocal CR Bluecut C/ AR Externo (Residual Verde) 1.56,Multifocal CR Bluecut C/ AR Externo (Residual Verde),multifocal,CR39,1.56,economica,True,True,True,True,nenhum,nenhum,True,True,True,True,False,-5.0,6.0,-4.0,0.0,-5.0,6.0,-4.0,0.0,1.0,3.0,80.0,80.0,258.0,ativo,True,True,5
001181a0-3a38-428f-bed0-1454a4cff1a1,199bae08-0217-4b70-b054-d3f0960b4a78,57fc0111-0a99-4642-8b66-f1d87a79afce,Multifocal CR Bluecut C/ AR Externo (Residual Azul) 1.56,Multifocal CR Bluecut C/ AR Externo (Residual Azul),multifocal,CR39,1.56,economica,True,True,True,True,nenhum,nenhum,True,True,True,True,False,-5.0,6.0,-4.0,0.0,-5.0,6.0,-4.0,0.0,1.0,3.5,80.0,80.0,258.0,ativo,True,True,5
c1f82a18-ac6b-4ed9-9e41-67de8ff1c6fc,199bae08-0217-4b70-b054-d3f0960b4a78,57fc0111-0a99-4642-8b66-f1d87a79afce,Multifocal CR Photo SYGMA Plus 1.56,Multifocal CR Photo SYGMA Plus,multifocal,CR39,1.56,economica,False,False,False,False,fotocromático,fotocromático,False,False,False,False,False,-5.0,6.0,-4.0,0.0,-5.0,6.0,-4.0,0.0,1.0,3.5,80.0,80.0,258.0,ativo,True,True,5
6d0028de-68d7-411e-9a34-0578a7c7287d,199bae08-0217-4b70-b054-d3f0960b4a78,57fc0111-0a99-4642-8b66-f1d87a79afce,Multifocal CR Photo Importado HD 1.56,Multifocal CR Photo Importado HD,multifocal,CR39,1.56,economica,False,False,False,False,fotocromático,fotocromático,False,False,False,False,False,-5.0,6.0,-4.0,0.0,-5.0,6.0,-4.0,0.0,1.0,3.5,85.0,85.0,258.5,ativo,True,True,5
ec8fe3e9-5a33-4246-b44b-a4ecaade9fb3,199bae08-0217-4b70-b054-d3f0960b4a78,57fc0111-0a99-4642-8b66-f1d87a79afce,Multifocal CR Photo C/ AR Externo (Residual Verde) 1.56,Multifocal CR Photo C/ AR Externo (Residual Verde),multifocal,CR39,1.56,economica,True,True,False,False,fotocromático,fotocromático,True,False,False,True,False,-5.0,6.0,-4.0,0.0,-5.0,6.0,-4.0,0.0,1.0,3.5,90.0,90.0,270.0,ativo,True,True,5
d62202bd-10dc-45f2-bcad-c74535f5fb20,199bae08-0217-4b70-b054-d3f0960b4a78,3f70213e-0b45-4f42-907a-28f7e7ac51c0,Multifocal CR Photo SYGMA Premium (Campo Visual Varilux Comfort) 1.50,Multifocal CR Photo SYGMA Premium (Campo Visual Varilux Comfort),multifocal,CR39,1.50,premium,False,False,False,False,fotocromático,fotocromático,False,False,False,False,False,-6.0,6.0,-4.0,0.0,-6.0,6.0,-4.0,0.0,1.0,3.5,120.0,120.0,360.0,ativo,True,True,5
9c443ded-eb86-4582-9578-0185cb00803b,199bae08-0217-4b70-b054-d3f0960b4a78,57fc0111-0a99-4642-8b66-f1d87a79afce,Multifocal CR Photo Bluecut C/ AR Externo (Residual Azul) 1.56,Multifocal CR Photo Bluecut C/ AR Externo (Residual Azul),multifocal,CR39,1.56,economica,True,True,True,True,fotocromático,fotocromático,True,True,True,True,False,-5.0,6.0,-4.0,0.0,-5.0,6.0,-4.0,0.0,1.0,3.5,110.0,110.0,330.0,ativo,True,True,5
1b86b0e2-c59e-4f63-98b9-68b985cb42a8,199bae08-0217-4b70-b054-d3f0960b4a78,57fc0111-0a99-4642-8b66-f1d87a79afce,SOLAMAX Foto AR Externo 1.50,SOLAMAX Foto AR Externo,multifocal,CR39,1.50,economica,True,True,False,False,fotocromático,fotocromático,True,False,False,True,False,-8.0,8.0,-4.0,0.0,-8.0,8.0,-4.0,0.0,1.0,3.0,210.0,210.0,630.0,ativo,True,True,5
ab03e5d9-5dea-4afb-a7da-7a4d3247788a,199bae08-0217-4b70-b054-d3f0960b4a78,57fc0111-0a99-4642-8b66-f1d87a79afce,Multifocal Policarbonato 1.59,Multifocal Policarbonato,multifocal,POLICARBONATO,1.59,economica,False,False,False,False,nenhum,nenhum,False,False,False,False,False,-8.0,8.0,-4.0,0.0,-8.0,8.0,-4.0,0.0,1.0,3.5,180.0,180.0,540.0,ativo,True,True,5
ccbf7faa-8a21-4d22-8637-7ae7232a543f,199bae08-0217-4b70-b054-d3f0960b4a78,57fc0111-0a99-4642-8b66-f1d87a79afce,Multifocal Policarbonato Bluecut C/ AR Externo (Residual Azul) (Aplicação de Verniz Interno incluso) 1.59,Multifocal Policarbonato Bluecut C/ AR Externo (Residual Azul) (Aplicação de Verniz Interno incluso),multifocal,POLICARBONATO,1.59,economica,True,True,True,True,nenhum,nenhum,True,True,True,True,False,-6.0,6.0,-4.0,0.0,-6.0,6.0,-4.0,0.0,1.0,3.0,230.0,230.0,690.0,ativo,True,True,5
18c3dd9f-d217-4838-8025-ba0d7d53ea54,199bae08-0217-4b70-b054-d3f0960b4a78,57fc0111-0a99-4642-8b66-f1d87a79afce,Multifocal Policarbonato Photo Bluecut C/ AR Externo (Residual Azul) (Aplicação de Verniz Interno incluso) 1.59,Multifocal Policarbonato Photo Bluecut C/ AR Externo (Residual Azul) (Aplicação de Verniz Interno incluso),multifocal,POLICARBONATO,1.59,economica,True,True,True,True,fotocromático,fotocromático,True,True,True,True,False,-6.0,6.0,-4.0,0.0,-6.0,6.0,-4.0,0.0,1.0,3.0,350.0,350.0,1050.0,ativo,True,True,5
6b5885ff-9201-497f-bf10-369df18d6fe9,199bae08-0217-4b70-b054-d3f0960b4a78,57fc0111-0a99-4642-8b66-f1d87a79afce,Sygma Prime 1.50,Sygma Prime 1.50,multifocal,CR39,1.50,economica,False,False,False,False,nenhum,nenhum,False,False,False,False,False,-5.0,6.0,-4.0,0.0,-5.0,6.0,-4.0,0.0,1.0,3.0,100.0,100.0,300.0,ativo,True,True,5
62a2bede-d8fa-4ac7-a3e7-6a5b315d6f9b,199bae08-0217-4b70-b054-d3f0960b4a78,57fc0111-0a99-4642-8b66-f1d87a79afce,Sygma Prime 1.50 Small,Sygma Prime 1.50 Small,multifocal,CR39,1.50,economica,False,False,False,False,nenhum,nenhum,False,False,False,False,False,-5.0,6.0,-4.0,0.0,-5.0,6.0,-4.0,0.0,1.0,3.0,120.0,120.0,360.0,ativo,True,True,5
a88c3ea6-8afd-413d-9d11-652761dfd178,199bae08-0217-4b70-b054-d3f0960b4a78,57fc0111-0a99-4642-8b66-f1d87a79afce,Sygma Prime 1.56 Photo,Sygma Prime 1.56 Photo,multifocal,CR39,1.56,economica,False,False,False,False,fotocromático,fotocromático,False,False,False,False,False,-5.0,6.0,-4.0,0.0,-5.0,6.0,-4.0,0.0,1.0,3.0,130.0,130.0,390.0,ativo,True,True,5
442dc6ef-45fd-4781-a286-eef981be1021,199bae08-0217-4b70-b054-d3f0960b4a78,57fc0111-0a99-4642-8b66-f1d87a79afce,Sygma Prime 1.50 Transitions,Sygma Prime 1.50 Transitions,multifocal,CR39,1.50,economica,False,False,False,False,transitions,transitions,False,False,False,False,False,-8.0,8.0,-4.0,0.0,-8.0,8.0,-4.0,0.0,1.0,3.0,330.0,330.0,990.0,ativo,True,True,5
0cf402e7-809b-4f81-9f2e-4877f2abaf8e,199bae08-0217-4b70-b054-d3f0960b4a78,57fc0111-0a99-4642-8b66-f1d87a79afce,Sygma Prime 1.56 Bluecut,Sygma Prime 1.56 Bluecut,multifocal,CR39,1.56,economica,False,False,True,True,nenhum,nenhum,False,True,True,False,False,-5.0,6.0,-4.0,0.0,-5.0,6.0,-4.0,0.0,1.0,3.0,120.0,120.0,360.0,ativo,True,True,5
9bb9f8e8-efb1-4ef8-9592-f308460ef73a,199bae08-0217-4b70-b054-d3f0960b4a78,57fc0111-0a99-4642-8b66-f1d87a79afce,Sygma Prime Policarbonato 1.59,Sygma Prime Policarbonato,multifocal,POLICARBONATO,1.59,economica,False,False,False,False,nenhum,nenhum,False,False,False,False,False,-10.0,8.0,-4.0,0.0,-10.0,8.0,-4.0,0.0,1.0,3.0,200.0,200.0,600.0,ativo,True,True,5
49982a8b-fca9-4e85-bfca-ed80b002082c,199bae08-0217-4b70-b054-d3f0960b4a78,57fc0111-0a99-4642-8b66-f1d87a79afce,Sygma Prime Policarbonato Photo 1.59,Sygma Prime Policarbonato Photo,multifocal,POLICARBONATO,1.59,economica,False,False,False,False,fotocromático,fotocromático,False,False,False,False,False,-8.0,8.0,-4.0,0.0,-8.0,8.0,-4.0,0.0,1.0,3.0,260.0,260.0,780.0,ativo,True,True,5
3112d699-9b99-4b7e-9644-02e6959e54ce,199bae08-0217-4b70-b054-d3f0960b4a78,57fc0111-0a99-4642-8b66-f1d87a79afce,Sygma Prime Policarbonato Transitions 1.59,Sygma Prime Policarbonato Transitions,multifocal,POLICARBONATO,1.59,economica,False,False,False,False,transitions,transitions,False,False,False,False,False,-8.0,8.0,-4.0,0.0,-8.0,8.0,-4.0,0.0,1.0,3.0,570.0,570.0,1710.0,ativo,True,True,5
a4110125-f9fb-40c6-aaa8-166d747be6a5,199bae08-0217-4b70-b054-d3f0960b4a78,57fc0111-0a99-4642-8b66-f1d87a79afce,Sygma Prime 1.67,Sygma Prime 1.67,multifocal,HIGH_INDEX,1.67,economica,False,False,True,False,nenhum,nenhum,False,False,True,False,False,-12.0,9.0,-6.0,0.0,-12.0,9.0,-6.0,0.0,1.0,3.0,350.0,350.0,1050.0,ativo,True,True,5
914baffd-d1b3-4731-8db6-224b35d2f098,199bae08-0217-4b70-b054-d3f0960b4a78,57fc0111-0a99-4642-8b66-f1d87a79afce,Sygma Prime 1.67 Bluecut,Sygma Prime 1.67 Bluecut,multifocal,HIGH_INDEX,1.67,economica,False,False,True,True,nenhum,nenhum,False,True,True,False,False,-12.0,9.0,-6.0,0.0,-12.0,9.0,-6.0,0.0,1.0,3.0,370.0,370.0,1110.0,ativo,True,True,5
66fd1909-585c-4f86-9f89-5828340d7023,199bae08-0217-4b70-b054-d3f0960b4a78,57fc0111-0a99-4642-8b66-f1d87a79afce,Sygma Prime 1.67 Photo,Sygma Prime 1.67 Photo,multifocal,HIGH_INDEX,1.67,economica,False,False,True,False,fotocromático,fotocromático,False,False,True,False,False,-12.0,9.0,-6.0,0.0,-12.0,9.0,-6.0,0.0,1.0,3.0,430.0,430.0,1290.0,ativo,True,True,5
8da5e1f7-179c-4318-8a1b-54cf60fc471a,199bae08-0217-4b70-b054-d3f0960b4a78,57fc0111-0a99-4642-8b66-f1d87a79afce,Sygma Prime 1.67 Photo Bluecut,Sygma Prime 1.67 Photo Bluecut,multifocal,HIGH_INDEX,1.67,economica,False,False,True,True,fotocromático,fotocromático,False,True,True,False,False,-12.0,9.0,-6.0,0.0,-12.0,9.0,-6.0,0.0,1.0,3.0,460.0,460.0,1380.0,ativo,True,True,5
7a5633a8-4c54-4081-9297-437d8aae1bff,199bae08-0217-4b70-b054-d3f0960b4a78,57fc0111-0a99-4642-8b66-f1d87a79afce,Sygma Prime 1.67 Transitions,Sygma Prime 1.67 Transitions,multifocal,HIGH_INDEX,1.67,economica,False,False,True,False,transitions,transitions,False,False,True,False,False,-12.0,9.0,-6.0,0.0,-12.0,9.0,-6.0,0.0,1.0,3.0,1110.0,1110.0,3330.0,ativo,True,True,5
6be1b716-e07a-4a48-b83d-2dd107b2cc33,199bae08-0217-4b70-b054-d3f0960b4a78,57fc0111-0a99-4642-8b66-f1d87a79afce,Sygma Prime 1.74,Sygma Prime 1.74,multifocal,HIGH_INDEX,1.74,economica,False,False,True,False,nenhum,nenhum,False,False,True,False,False,-13.0,9.0,-7.0,0.0,-13.0,9.0,-7.0,0.0,1.0,3.0,600.0,600.0,1800.0,ativo,True,True,5
b216a9b2-ae4d-4a89-afdf-f0a8d97e7c24,199bae08-0217-4b70-b054-d3f0960b4a78,57fc0111-0a99-4642-8b66-f1d87a79afce,Sygma Advanced 1.50,Sygma Advanced 1.50,multifocal,CR39,1.50,economica,False,False,False,False,nenhum,nenhum,False,False,False,False,False,-5.0,6.0,-4.0,0.0,-5.0,6.0,-4.0,0.0,1.0,3.0,130.0,130.0,390.0,ativo,True,True,5
780e4507-0f03-4a43-917c-0ea31cd05131,199bae08-0217-4b70-b054-d3f0960b4a78,57fc0111-0a99-4642-8b66-f1d87a79afce,Sygma Advanced 1.50 Small,Sygma Advanced 1.50 Small,multifocal,CR39,1.50,economica,False,False,False,False,nenhum,nenhum,False,False,False,False,False,-5.0,6.0,-4.0,0.0,-5.0,6.0,-4.0,0.0,1.0,3.0,150.0,150.0,450.0,ativo,True,True,5
52adf52f-602f-45af-a4c9-967bb46d2bef,199bae08-0217-4b70-b054-d3f0960b4a78,57fc0111-0a99-4642-8b66-f1d87a79afce,Sygma Advanced 1.56 Photo,Sygma Advanced 1.56 Photo,multifocal,CR39,1.56,economica,False,False,False,False,fotocromático,fotocromático,False,False,False,False,False,-5.0,6.0,-4.0,0.0,-5.0,6.0,-4.0,0.0,1.0,3.0,160.0,160.0,480.0,ativo,True,True,5
af112182-a62c-4065-87ef-87078aecc10f,199bae08-0217-4b70-b054-d3f0960b4a78,57fc0111-0a99-4642-8b66-f1d87a79afce,Sygma Advanced 1.50 Transitions,Sygma Advanced 1.50 Transitions,multifocal,CR39,1.50,economica,False,False,False,False,transitions,transitions,False,False,False,False,False,-5.0,6.0,-4.0,0.0,-5.0,6.0,-4.0,0.0,1.0,3.0,360.0,360.0,1080.0,ativo,True,True,5
8281fbc9-077e-44d8-a7d5-ecad876174de,199bae08-0217-4b70-b054-d3f0960b4a78,57fc0111-0a99-4642-8b66-f1d87a79afce,Sygma Advanced 1.56 Bluecut,Sygma Advanced 1.56 Bluecut,multifocal,CR39,1.56,economica,False,False,True,True,nenhum,nenhum,False,True,True,False,False,-5.0,6.0,-4.0,0.0,-5.0,6.0,-4.0,0.0,1.0,3.0,170.0,170.0,510.0,ativo,True,True,5
b7119a28-b309-40a7-b24d-0de8bb419165,199bae08-0217-4b70-b054-d3f0960b4a78,57fc0111-0a99-4642-8b66-f1d87a79afce,Sygma Advanced Policarbonato 1.59,Sygma Advanced Policarbonato,multifocal,POLICARBONATO,1.59,economica,False,False,False,False,nenhum,nenhum,False,False,False,False,False,-10.0,8.0,-4.0,0.0,-10.0,8.0,-4.0,0.0,1.0,3.0,225.0,225.0,675.0,ativo,True,True,5
d706ffd2-eb28-45aa-9dd8-ebb783a77bd0,199bae08-0217-4b70-b054-d3f0960b4a78,57fc0111-0a99-4642-8b66-f1d87a79afce,Sygma Advanced Policarbonato Photo 1.59,Sygma Advanced Policarbonato Photo,multifocal,POLICARBONATO,1.59,economica,False,False,False,False,fotocromático,fotocromático,False,False,False,False,False,-8.0,8.0,-4.0,0.0,-8.0,8.0,-4.0,0.0,1.0,3.0,280.0,280.0,840.0,ativo,True,True,5
a47ad49d-4511-443a-af9b-b8ef0b550399,199bae08-0217-4b70-b054-d3f0960b4a78,57fc0111-0a99-4642-8b66-f1d87a79afce,Sygma Advanced Policarbonato Transitions 1.59,Sygma Advanced Policarbonato Transitions,multifocal,POLICARBONATO,1.59,economica,False,False,False,False,transitions,transitions,False,False,False,False,False,-8.0,8.0,-4.0,0.0,-8.0,8.0,-4.0,0.0,1.0,3.0,600.0,600.0,1800.0,ativo,True,True,5
7e3a38ec-0d9e-468b-a06c-b984ed5d1329,199bae08-0217-4b70-b054-d3f0960b4a78,57fc0111-0a99-4642-8b66-f1d87a79afce,Sygma Advanced 1.67,Sygma Advanced 1.67,multifocal,HIGH_INDEX,1.67,economica,False,False,True,False,nenhum,nenhum,False,False,True,False,False,-12.0,9.0,-6.0,0.0,-12.0,9.0,-6.0,0.0,1.0,3.0,380.0,380.0,1140.0,ativo,True,True,5
64458fa0-2b34-4973-a7ad-73fcbcc6cb5a,199bae08-0217-4b70-b054-d3f0960b4a78,57fc0111-0a99-4642-8b66-f1d87a79afce,Sygma Advanced 1.67 Bluecut,Sygma Advanced 1.67 Bluecut,multifocal,HIGH_INDEX,1.67,economica,False,False,True,True,nenhum,nenhum,False,True,True,False,False,-12.0,9.0,-6.0,0.0,-12.0,9.0,-6.0,0.0,1.0,3.0,400.0,400.0,1200.0,ativo,True,True,5
37ade4fa-8bd8-42a4-8817-4d98237bf3e2,199bae08-0217-4b70-b054-d3f0960b4a78,57fc0111-0a99-4642-8b66-f1d87a79afce,Sygma Advanced 1.67 Photo,Sygma Advanced 1.67 Photo,multifocal,HIGH_INDEX,1.67,economica,False,False,True,False,fotocromático,fotocromático,False,False,True,False,False,-12.0,9.0,-6.0,0.0,-12.0,9.0,-6.0,0.0,1.0,3.0,480.0,480.0,1440.0,ativo,True,True,5
775d36e4-9908-45f3-b7dc-5c16aa30339d,199bae08-0217-4b70-b054-d3f0960b4a78,57fc0111-0a99-4642-8b66-f1d87a79afce,Sygma Advanced 1.67 Photo Bluecut,Sygma Advanced 1.67 Photo Bluecut,multifocal,HIGH_INDEX,1.67,economica,False,False,True,True,fotocromático,fotocromático,False,True,True,False,False,-12.0,9.0,-6.0,0.0,-12.0,9.0,-6.0,0.0,1.0,3.0,510.0,510.0,1530.0,ativo,True,True,5
28865e93-374b-49e6-86d0-b84d9d9c8962,199bae08-0217-4b70-b054-d3f0960b4a78,57fc0111-0a99-4642-8b66-f1d87a79afce,Sygma Advanced 1.67 Transitions,Sygma Advanced 1.67 Transitions,multifocal,HIGH_INDEX,1.67,economica,False,False,True,False,transitions,transitions,False,False,True,False,False,-12.0,9.0,-6.0,0.0,-12.0,9.0,-6.0,0.0,1.0,3.0,1130.0,1130.0,3390.0,ativo,True,True,5
be73ab40-17c8-4fb0-b271-50f36fa39aed,199bae08-0217-4b70-b054-d3f0960b4a78,57fc0111-0a99-4642-8b66-f1d87a79afce,Sygma Advanced 1.74,Sygma Advanced 1.74,multifocal,HIGH_INDEX,1.74,economica,False,False,True,False,nenhum,nenhum,False,False,True,False,False,-13.0,7.0,-7.0,0.0,-13.0,7.0,-7.0,0.0,1.0,3.0,650.0,650.0,1950.0,ativo,True,True,5
04acf303-f4f0-437d-9bd3-e94331e3d2aa,199bae08-0217-4b70-b054-d3f0960b4a78,bbe5a62d-1d7d-4d93-87af-0dbde68c0645,No Line Orma / Small 1.50,No Line Orma / Small,multifocal,CR39,1.50,premium,False,False,False,False,nenhum,nenhum,False,False,False,False,False,-6.0,8.0,-6.0,0.0,-6.0,8.0,-6.0,0.0,1.0,3.0,70.0,70.0,257.0,ativo,True,True,5
e8566fef-39ef-4fb4-aaa4-6b360efe7c0f,199bae08-0217-4b70-b054-d3f0960b4a78,bbe5a62d-1d7d-4d93-87af-0dbde68c0645,No Line Orma / Small C/ AR 1.50,No Line Orma / Small C/ AR,multifocal,CR39,1.50,premium,True,True,False,False,nenhum,nenhum,True,False,False,True,False,-6.0,8.0,-6.0,0.0,-6.0,8.0,-6.0,0.0,1.0,3.0,115.0,115.0,345.0,ativo,True,True,5
982e0f9d-8ef3-4938-88f7-8e739b15ab09,199bae08-0217-4b70-b054-d3f0960b4a78,57fc0111-0a99-4642-8b66-f1d87a79afce,Espace Orma 1.50,Espace Orma,multifocal,CR39,1.50,economica,False,False,False,False,nenhum,nenhum,False,False,False,False,False,-6.0,8.0,-6.0,0.0,-6.0,8.0,-6.0,0.0,1.0,3.5,80.0,80.0,258.0,ativo,True,True,5
0760bf90-6aed-46c3-9e1c-68ea3a4f971b,199bae08-0217-4b70-b054-d3f0960b4a78,57fc0111-0a99-4642-8b66-f1d87a79afce,Espace Orma C/ AR 1.50,Espace Orma C/ AR,multifocal,CR39,1.50,economica,True,True,False,False,nenhum,nenhum,True,False,False,True,False,-6.0,8.0,-6.0,0.0,-6.0,8.0,-6.0,0.0,1.0,3.5,125.0,125.0,375.0,ativo,True,True,5
3636140a-d22e-40a6-a1b9-6894e8fd780e,199bae08-0217-4b70-b054-d3f0960b4a78,57fc0111-0a99-4642-8b66-f1d87a79afce,Plus Orma 1.50,Plus Orma,multifocal,CR39,1.50,economica,False,False,False,False,nenhum,nenhum,False,False,False,False,False,-6.0,8.0,-6.0,0.0,-6.0,8.0,-6.0,0.0,1.0,3.5,130.0,130.0,390.0,ativo,True,True,5
32bd6f88-e7f2-4205-a653-d9f0ad299ce9,199bae08-0217-4b70-b054-d3f0960b4a78,57fc0111-0a99-4642-8b66-f1d87a79afce,Plus Orma C/ AR 1.50,Plus Orma C/ AR,multifocal,CR39,1.50,economica,True,True,False,False,nenhum,nenhum,True,False,False,True,False,-6.0,8.0,-6.0,0.0,-6.0,8.0,-6.0,0.0,1.0,3.5,175.0,175.0,525.0,ativo,True,True,5
74f8a948-c010-4ce0-9fc5-d4f97cd21545,199bae08-0217-4b70-b054-d3f0960b4a78,3f70213e-0b45-4f42-907a-28f7e7ac51c0,Varilux Liberty Orma 1.50,Varilux Liberty Orma,multifocal,CR39,1.50,premium,False,False,False,False,nenhum,nenhum,False,False,False,False,False,-6.0,8.0,-6.0,0.0,-6.0,8.0,-6.0,0.0,1.0,3.5,300.0,300.0,900.0,ativo,True,True,5
2d4360ad-2b6c-4376-9c83-11dbe9023578,199bae08-0217-4b70-b054-d3f0960b4a78,3f70213e-0b45-4f42-907a-28f7e7ac51c0,Varilux Liberty Orma C/ AR 1.50,Varilux Liberty Orma C/ AR,multifocal,CR39,1.50,premium,True,True,False,False,nenhum,nenhum,True,False,False,True,False,-6.0,8.0,-6.0,0.0,-6.0,8.0,-6.0,0.0,1.0,3.5,345.0,345.0,1035.0,ativo,True,True,5
3a6e1413-27af-41aa-aa4b-e867a071254f,199bae08-0217-4b70-b054-d3f0960b4a78,3f70213e-0b45-4f42-907a-28f7e7ac51c0,Varilux Orma Comfort 1.50,Varilux Orma Comfort,multifocal,CR39,1.50,premium,False,False,False,False,nenhum,nenhum,False,False,False,False,False,-6.0,8.0,-6.0,0.0,-6.0,8.0,-6.0,0.0,1.0,3.5,460.0,460.0,1380.0,ativo,True,True,5
99202ed7-aef2-492d-9886-b167f6364b37,199bae08-0217-4b70-b054-d3f0960b4a78,3f70213e-0b45-4f42-907a-28f7e7ac51c0,Varilux Orma Comfort C/ AR 1.50,Varilux Orma Comfort C/ AR,multifocal,CR39,1.50,premium,True,True,False,False,nenhum,nenhum,True,False,False,True,False,-6.0,8.0,-6.0,0.0,-6.0,8.0,-6.0,0.0,1.0,3.5,505.0,505.0,1515.0,ativo,True,True,5
4b4bdc59-595f-45fc-8455-8ce4237dd0dc,199bae08-0217-4b70-b054-d3f0960b4a78,57fc0111-0a99-4642-8b66-f1d87a79afce,Espace Orma Foto AR Externo 1.50,Espace Orma Foto AR Externo,multifocal,CR39,1.50,economica,True,True,False,False,fotocromático,fotocromático,True,False,False,True,False,-6.0,8.0,-6.0,0.0,-6.0,8.0,-6.0,0.0,1.0,3.5,199.0,199.0,597.0,ativo,True,True,5
f1e7cb71-6c4e-4515-bffd-06633f4f44b9,199bae08-0217-4b70-b054-d3f0960b4a78,57fc0111-0a99-4642-8b66-f1d87a79afce,Espace Orma Acclimates 1.50,Espace Orma Acclimates,multifocal,CR39,1.50,economica,False,False,False,False,nenhum,nenhum,False,False,False,False,False,-6.0,8.0,-6.0,0.0,-6.0,8.0,-6.0,0.0,1.0,3.5,200.0,200.0,600.0,ativo,True,True,5
020145db-280e-4e3a-9ffe-59fc873dea02,199bae08-0217-4b70-b054-d3f0960b4a78,57fc0111-0a99-4642-8b66-f1d87a79afce,Espace Orma Acclimates C/ AR 1.50,Espace Orma Acclimates C/ AR,multifocal,CR39,1.50,economica,True,True,False,False,nenhum,nenhum,True,False,False,True,False,-6.0,8.0,-6.0,0.0,-6.0,8.0,-6.0,0.0,1.0,3.5,245.0,245.0,735.0,ativo,True,True,5
ab8c953f-d787-42e5-8666-979bf63fdb65,199bae08-0217-4b70-b054-d3f0960b4a78,57fc0111-0a99-4642-8b66-f1d87a79afce,Espace Plus Orma Gen-S 1.50,Espace Plus Orma Gen-S,multifocal,CR39,1.50,economica,False,False,False,False,nenhum,nenhum,False,False,False,False,False,-6.0,8.0,-6.0,0.0,-6.0,8.0,-6.0,0.0,1.0,3.5,360.0,360.0,1080.0,ativo,True,True,5
c31149b4-f05b-4af9-bb7d-a706c7281a36,199bae08-0217-4b70-b054-d3f0960b4a78,57fc0111-0a99-4642-8b66-f1d87a79afce,Espace Plus Orma Gen-S C/ AR 1.50,Espace Plus Orma Gen-S C/ AR,multifocal,CR39,1.50,economica,True,True,False,False,nenhum,nenhum,True,False,False,True,False,-6.0,8.0,-6.0,0.0,-6.0,8.0,-6.0,0.0,1.0,3.5,405.0,405.0,1215.0,ativo,True,True,5
7104efe4-5092-4efb-b53d-29643f3a90c7,199bae08-0217-4b70-b054-d3f0960b4a78,3f70213e-0b45-4f42-907a-28f7e7ac51c0,Varilux Orma Comfort Gen-S 1.50,Varilux Orma Comfort Gen-S,multifocal,CR39,1.50,premium,False,False,False,False,nenhum,nenhum,False,False,False,False,False,-6.0,8.0,-6.0,0.0,-6.0,8.0,-6.0,0.0,1.0,3.5,850.0,850.0,2550.0,ativo,True,True,5
7c304fb2-e4e4-4d4f-ab5d-2fdfa903ab03,199bae08-0217-4b70-b054-d3f0960b4a78,3f70213e-0b45-4f42-907a-28f7e7ac51c0,Varilux Orma Comfort Gen-S C/ AR 1.50,Varilux Orma Comfort Gen-S C/ AR,multifocal,CR39,1.50,premium,True,True,False,False,nenhum,nenhum,True,False,False,True,False,-6.0,8.0,-6.0,0.0,-6.0,8.0,-6.0,0.0,1.0,3.5,895.0,895.0,2685.0,ativo,True,True,5
ef3a21f5-ffb6-438d-bb10-67e6b2c07a27,199bae08-0217-4b70-b054-d3f0960b4a78,57fc0111-0a99-4642-8b66-f1d87a79afce,Ultex CR 1.50,Ultex CR,bifocal,TRIVEX,1.50,economica,False,False,False,False,nenhum,nenhum,False,False,False,False,False,-4.0,6.0,-4.0,0.0,-4.0,6.0,-4.0,0.0,1.0,3.5,50.0,50.0,255.0,ativo,True,True,5
89764acd-029b-448a-9c47-9d1a0ee5f530,199bae08-0217-4b70-b054-d3f0960b4a78,57fc0111-0a99-4642-8b66-f1d87a79afce,Ultex Photo 1.56,Ultex Photo,bifocal,CR39,1.56,economica,False,False,False,False,fotocromático,fotocromático,False,False,False,False,False,-4.0,6.0,-4.0,0.0,-4.0,6.0,-4.0,0.0,1.0,3.5,60.0,60.0,256.0,ativo,True,True,5
46fd0d20-42e5-4687-9511-3495885fe38f,199bae08-0217-4b70-b054-d3f0960b4a78,57fc0111-0a99-4642-8b66-f1d87a79afce,Kriptok CR 1.50,Kriptok CR,bifocal,CR39,1.50,economica,False,False,False,False,nenhum,nenhum,False,False,False,False,False,-4.0,6.0,-4.0,0.0,-4.0,6.0,-4.0,0.0,1.0,3.5,50.0,50.0,255.0,ativo,True,True,5
930e80b1-7454-4e77-b215-5615e42b6f25,199bae08-0217-4b70-b054-d3f0960b4a78,57fc0111-0a99-4642-8b66-f1d87a79afce,Kriptok Photo 1.50,Kriptok Photo,bifocal,CR39,1.50,economica,False,False,False,False,fotocromático,fotocromático,False,False,False,False,False,-4.0,6.0,-4.0,0.0,-4.0,6.0,-4.0,0.0,1.0,3.5,60.0,60.0,256.0,ativo,True,True,5
db8a5657-8066-4c64-9fc6-754d9a74075b,199bae08-0217-4b70-b054-d3f0960b4a78,57fc0111-0a99-4642-8b66-f1d87a79afce,Flat Top CR 1.50,Flat Top CR,bifocal,CR39,1.50,economica,False,False,False,False,nenhum,nenhum,False,False,False,False,False,-4.0,6.0,-4.0,0.0,-4.0,6.0,-4.0,0.0,1.0,3.5,50.0,50.0,255.0,ativo,True,True,5
de9b9578-9b5f-4218-9559-76ed14866b8b,199bae08-0217-4b70-b054-d3f0960b4a78,57fc0111-0a99-4642-8b66-f1d87a79afce,Flat Top Photo 1.56,Flat Top Photo,bifocal,CR39,1.56,economica,False,False,False,False,fotocromático,fotocromático,False,False,False,False,False,-4.0,6.0,-4.0,0.0,-4.0,6.0,-4.0,0.0,1.0,3.5,60.0,60.0,256.0,ativo,True,True,5
a3e48327-8270-4800-8205-159fa2d6a9ca,199bae08-0217-4b70-b054-d3f0960b4a78,57fc0111-0a99-4642-8b66-f1d87a79afce,LT Solar 1.50 Plana Total,LT Solar 1.50 Plana Total,visao_simples,CR39,1.50,economica,True,True,False,False,nenhum,nenhum,True,False,False,True,True,0.0,0.0,0.0,0.0,0.0,0.0,0.0,0.0,0.0,0.0,20.0,20.0,252.0,ativo,True,True,5
100b04d2-97b9-4c82-84f1-b0e78466366e,199bae08-0217-4b70-b054-d3f0960b4a78,57fc0111-0a99-4642-8b66-f1d87a79afce,LT Solar 1.50 Plana Degradê,LT Solar 1.50 Plana Degradê,visao_simples,CR39,1.50,economica,True,True,False,False,nenhum,nenhum,True,False,False,True,True,0.0,0.0,0.0,0.0,0.0,0.0,0.0,0.0,0.0,0.0,18.0,18.0,251.8,ativo,True,True,5
d03a194e-4abe-45da-aa70-8742d7313270,199bae08-0217-4b70-b054-d3f0960b4a78,57fc0111-0a99-4642-8b66-f1d87a79afce,LT Solar 1.59 Policarbonato,LT Solar 1.59 Policarbonato,visao_simples,POLICARBONATO,1.59,economica,True,True,False,False,nenhum,nenhum,True,False,False,True,True,0.0,0.0,0.0,0.0,0.0,0.0,0.0,0.0,0.0,0.0,20.0,20.0,252.0,ativo,True,True,5
